<ArrayOfConditionSetClass xmlns:xsd="http://www.w3.org/2001/XMLSchema" xmlns:xsi="http://www.w3.org/2001/XMLSchema-instance">
  <ConditionSetClass>
    <ActionMatchAll>
      <ActionType>ActionContinue</ActionType>
      <WaitType>NoWait</WaitType>
      <WaitHours>0</WaitHours>
      <WaitMinutes>0</WaitMinutes>
      <WaitSeconds>0</WaitSeconds>
      <JobId />
      <TaskId />
    </ActionMatchAll>
    <ActionMatchAny>
      <ActionType>ActionContinue</ActionType>
      <WaitType>NoWait</WaitType>
      <WaitHours>0</WaitHours>
      <WaitMinutes>0</WaitMinutes>
      <WaitSeconds>0</WaitSeconds>
      <JobId />
      <TaskId />
    </ActionMatchAny>
    <ActionMatchNone>
      <ActionType>ActionExit</ActionType>
      <WaitType>NoWait</WaitType>
      <WaitHours>0</WaitHours>
      <WaitMinutes>0</WaitMinutes>
      <WaitSeconds>0</WaitSeconds>
      <JobId />
      <TaskId />
    </ActionMatchNone>
    <ActionMatchError>
      <ActionType>ActionExit</ActionType>
      <WaitType>NoWait</WaitType>
      <WaitHours>0</WaitHours>
      <WaitMinutes>0</WaitMinutes>
      <WaitSeconds>0</WaitSeconds>
      <JobId />
      <TaskId />
    </ActionMatchError>
    <Id>b9c81aba-a84a-421e-bfaa-68c89078ef4f</Id>
    <Description>Non Empty Output from Previous Task</Description>
    <DateCreated>2022-10-01T23:00:11.0458063-04:00</DateCreated>
    <DateModified>2023-07-27T15:52:26.2187559-04:00</DateModified>
    <CreatedBy>a2d88bf3-d0f3-40f1-a942-086cf33b8ad4</CreatedBy>
    <ModifiedBy>b97aa9ca-8b39-4a55-84a8-272a80915b77</ModifiedBy>
    <Conditions>
      <ConditionClass>
        <ConditionType>VisualCron</ConditionType>
        <Id>cd8c9d23-792b-4341-9c03-c5bdf7da117b</Id>
        <SetId>b9c81aba-a84a-421e-bfaa-68c89078ef4f</SetId>
        <Active>true</Active>
        <Description>Non Empty Output from Previous Task</Description>
        <CVisualCron>
          <LocatorType>Auto</LocatorType>
          <CheckType>TaskOutputIs</CheckType>
          <MatchType>MatchIsNot</MatchType>
          <JobId />
          <TaskId />
          <ExitCode>0</ExitCode>
          <Contains />
        </CVisualCron>
      </ConditionClass>
    </Conditions>
    <ExtendedLogging>false</ExtendedLogging>
  </ConditionSetClass>
  <ConditionSetClass>
    <ActionMatchAll>
      <ActionType>ActionContinue</ActionType>
      <WaitType>NoWait</WaitType>
      <WaitHours>0</WaitHours>
      <WaitMinutes>0</WaitMinutes>
      <WaitSeconds>0</WaitSeconds>
      <JobId />
      <TaskId />
    </ActionMatchAll>
    <ActionMatchAny>
      <ActionType>ActionContinue</ActionType>
      <WaitType>NoWait</WaitType>
      <WaitHours>0</WaitHours>
      <WaitMinutes>0</WaitMinutes>
      <WaitSeconds>0</WaitSeconds>
      <JobId />
      <TaskId />
    </ActionMatchAny>
    <ActionMatchNone>
      <ActionType>ActionExit</ActionType>
      <WaitType>NoWait</WaitType>
      <WaitHours>0</WaitHours>
      <WaitMinutes>1</WaitMinutes>
      <WaitSeconds>0</WaitSeconds>
      <JobId>56cb40a7-308d-4832-ba10-8a8047212262</JobId>
      <TaskId>3e24dc54-0e6e-4c7e-a8f6-a7e164cacbe5</TaskId>
    </ActionMatchNone>
    <ActionMatchError>
      <ActionType>ActionExit</ActionType>
      <WaitType>NoWait</WaitType>
      <WaitHours>0</WaitHours>
      <WaitMinutes>0</WaitMinutes>
      <WaitSeconds>0</WaitSeconds>
      <JobId />
      <TaskId />
    </ActionMatchError>
    <Id>1b050b49-9bb4-4e5c-ad57-53cc5298ec8b</Id>
    <Description>YVWEBXREF Job is not Running</Description>
    <DateCreated>2023-08-28T11:35:22.922939-04:00</DateCreated>
    <DateModified>2023-08-28T12:26:01.1251526-04:00</DateModified>
    <CreatedBy>b97aa9ca-8b39-4a55-84a8-272a80915b77</CreatedBy>
    <ModifiedBy>b97aa9ca-8b39-4a55-84a8-272a80915b77</ModifiedBy>
    <Conditions>
      <ConditionClass>
        <ConditionType>Variable</ConditionType>
        <Id>2c3774a0-ca62-4078-a329-c74439eda675</Id>
        <SetId>1b050b49-9bb4-4e5c-ad57-53cc5298ec8b</SetId>
        <Active>true</Active>
        <Description>YVWEBXREF Running Equals False</Description>
        <CVisualCron>
          <LocatorType>Auto</LocatorType>
          <CheckType>TaskExitCodeIs</CheckType>
          <MatchType>MatchIsNot</MatchType>
          <JobId />
          <TaskId />
          <ExitCode>0</ExitCode>
          <Contains />
        </CVisualCron>
        <CFile>
          <CheckType>FileExist</CheckType>
          <MatchType>MatchTrue</MatchType>
          <Credential />
        </CFile>
        <CService>
          <Scope>Local</Scope>
          <Credential />
          <ServiceName />
          <HostName />
          <ServiceStatus>Running</ServiceStatus>
        </CService>
        <CFolder>
          <CheckType>FolderExist</CheckType>
          <MatchType>MatchTrue</MatchType>
          <FolderPath />
          <Credential />
        </CFolder>
        <CProcess>
          <MatchType>MatchTrue</MatchType>
          <CheckType>ProcessRunning</CheckType>
        </CProcess>
        <CVariable>
          <ConditionCheckType>Equal</ConditionCheckType>
          <ValueType>String</ValueType>
          <Value1>{JOB(56cb40a7-308d-4832-ba10-8a8047212262|Variable|Output)}</Value1>
          <Value2>False</Value2>
        </CVariable>
        <CDotNET>
          <Language>CSharp</Language>
          <MethodName />
          <Parameters />
          <ReferencedAssemblies>
            <string>mscorlib.dll</string>
            <string>System.dll</string>
          </ReferencedAssemblies>
        </CDotNET>
      </ConditionClass>
    </Conditions>
    <ExtendedLogging>false</ExtendedLogging>
  </ConditionSetClass>
</ArrayOfConditionSetClass>