<?xml version="1.0" encoding="utf-8"?><ArrayOfNetworkCredentialClass xmlns:xsd="http://www.w3.org/2001/XMLSchema" xmlns:xsi="http://www.w3.org/2001/XMLSchema-instance"><NetworkCredentialClass><Id>81536aeb-bded-40bc-8c56-54098029c013</Id><UserName>wNsXL3PBi+K6AohkP1r9Lq0SzOIdfvGMeQhdBpoapDveYVakKpqN7jy1I4IrSBV4I55mYfj7rxcZBMvSz5JuXB38kkebQNMAEqSlPwaHJwI77t60W+pZQIPVSOcwIDmu</UserName><PassWord>7tnRzAAJ7ukZUZGDdlMudpTa2nRROO0zOjHWvx71m+N87RveEGQTyB39ZjCVTHO9SDimYKSY4YtztkvECdTjAE00fizCSH+mr/C6Mgx+YJkSiuB7y7RGb4Xaii1E4DQb</PassWord><Domain>5/DQN37qIWcPto43OwiqU6rgzLtaps23PenRcuwO4OVK+O9ETUnpwYnsK8YI9f9uA6J6pHnzCaSIT58h7Niz2VPZWXW02PFsmEWIFCiUjMpGZNEMq7UC6hhRZqxO3rZC</Domain><ImpersonationOptions><ExecuteAPI>API</ExecuteAPI><SuppressFlow>true</SuppressFlow><LoadProfile>true</LoadProfile><LocalLogin>true</LocalLogin><SeTcbPrivilege>false</SeTcbPrivilege><DuplicateToken>true</DuplicateToken><OverrideLogonTypeAndProvider>false</OverrideLogonTypeAndProvider><LogonType>LOGON32_LOGON_NEW_CREDENTIALS</LogonType><LogonProvider>LOGON32_PROVIDER_DEFAULT</LogonProvider><InitOpenDesktop>true</InitOpenDesktop><DesktopPath>WinSta0\Default</DesktopPath></ImpersonationOptions><IsMSA>false</IsMSA><GroupOverride /></NetworkCredentialClass></ArrayOfNetworkCredentialClass>