﻿<?xml version="1.0" encoding="utf-8"?>
<ServerSettingsClass xmlns:xsd="http://www.w3.org/2001/XMLSchema" xmlns:xsi="http://www.w3.org/2001/XMLSchema-instance">
  <DefaultFlows>
    <FlowClass>
      <Id>69ba1557-82ff-4b81-aa46-bfd7ed4efb3d</Id>
      <FlowOrigin>Job</FlowOrigin>
      <ActionType>RunNotification</ActionType>
      <RetryFailAction>StopJob</RetryFailAction>
      <TimeOut>
        <Hours>0</Hours>
        <Minutes>0</Minutes>
        <Seconds>0</Seconds>
      </TimeOut>
      <EventType>OnError</EventType>
      <EventCondition>Always</EventCondition>
      <ValueType>String</ValueType>
      <ConditionType>Equal</ConditionType>
      <ConditionValue1 />
      <ConditionValue2 />
      <Minutes>0</Minutes>
      <Seconds>1</Seconds>
      <NotificationId>57ddb949-0e10-41c3-b639-224377740f9f</NotificationId>
      <TaskId />
      <JobId />
      <RunJobAsynchronous>false</RunJobAsynchronous>
      <DeactivateJob>false</DeactivateJob>
      <RetryTimes>3</RetryTimes>
      <RunFollowingTasks>true</RunFollowingTasks>
      <DeactivateTask>false</DeactivateTask>
    </FlowClass>
  </DefaultFlows>
  <AllowWebAPI>false</AllowWebAPI>
  <WebAPIPort>8001</WebAPIPort>
  <WebAPISecurePort>8002</WebAPISecurePort>
  <UseUserCertificate>false</UseUserCertificate>
  <UserCertificateID />
  <ProcessorCount>8</ProcessorCount>
  <AdaptersList>
    <KeyValuePairOfStringString />
  </AdaptersList>
  <AllowMFT>false</AllowMFT>
  <AllowLocalConnectionsOnly>false</AllowLocalConnectionsOnly>
  <ADServer>prysmian.gph.local:636</ADServer>
  <ADServerCredential />
  <ADServerCredentials>
    <string>81536aeb-bded-40bc-8c56-54098029c013</string>
  </ADServerCredentials>
  <AllowActiveDirectoryLogon>true</AllowActiveDirectoryLogon>
  <AllowedADGroups />
  <PossibleSPN>x/3nrLT7nkloyVhrFbxpVuDCsbBlwD4W10Ts4U6dQVBRL7fn/M85v7n5XYwv6yNEzDF/svf0PVEQg0lhoDVIQbQno97ioV5gIjRpiR9kkKjS3kvgCn6OwzlmfWx6mkhNAgjhiMuLT7OlknwAIQvyHEaUVQaY8PhAbt3zohlciLA=</PossibleSPN>
  <PossibleUPN>0NMRFxx8MRZIGkeCKyDgpN476XLPJj4MKppLvyWrttoTaMw1mXdHhjpMW6F7FZKl+mESdo2FuUMk7lFjF+EehMw7FBD5VVstBWnun1FRjRbOfWwc0ayplqsjYSbq4Bqz</PossibleUPN>
  <InsideWindowsFailoverCluster>false</InsideWindowsFailoverCluster>
  <WindowsFailoverClusterCredential />
  <IISWebServerInstalled>false</IISWebServerInstalled>
  <IISExpressWebServerInstalled>false</IISExpressWebServerInstalled>
  <ServerOn>true</ServerOn>
  <ServerVersion>11.1.4</ServerVersion>
  <ServerTime>2024-08-14T11:46:54</ServerTime>
  <ServiceUserName>SYSTEM</ServiceUserName>
  <BuildDate>2024-04-30T04:08:45</BuildDate>
  <UTCTimeOffset>-144000000000</UTCTimeOffset>
  <TimeZoneName>Eastern Standard Time</TimeZoneName>
  <RenameStandard>VisualCron</RenameStandard>
  <LimitOutput>true</LimitOutput>
  <ExtendedDebugging>false</ExtendedDebugging>
  <ServerLogToFile>true</ServerLogToFile>
  <LogToEventLog>false</LogToEventLog>
  <LimitOutputSize>20480</LimitOutputSize>
  <MaxOutputSize>2147483647</MaxOutputSize>
  <IsCluster>false</IsCluster>
  <ServerPort>16444</ServerPort>
  <SMTPHost>/pOnj8wcRCRwGh10Em5ytiiVsM3LShEPzY/ivZ9K097QHiFoIzl7DoPgnuX4ydj6Whzc00lfj6H9uI2f3hg/WYXB9mEc5Tbc1lORXkJopreVR7TdKJZyig0hs5/LddQ5</SMTPHost>
  <SMTPPort>25</SMTPPort>
  <SMTPUseAuthentication>false</SMTPUseAuthentication>
  <SMTPUserName>4qVIiRA8eMPRab3+aGB4Gqe5E9Zl4CZEQr0jmato+G5eIo+MAy3FHCe/bjdehyWeviReea0DmHGsAH1WvCX+DetpZWnBm/ufFOFVOCND12vPW+6Ry64CUeUxt9OGH8YF</SMTPUserName>
  <SMTPPassWord>ctvKEYLshD9d6UbDP10U0Ng0Ss8URfHyhavLcTJLX77MrsKlm/lcdvCIFA+G/VNYtqjWNdT/gfzNc+YKQNXBN2rTI0MX1H3ZHXIMl1syBEIiXIczB+DSU9PTFI6h6RVY</SMTPPassWord>
  <SMTPToEmail />
  <SMTPFromEmail />
  <SMTPFromName>Prysmian Group</SMTPFromName>
  <ServerLanguageId>11</ServerLanguageId>
  <PasswordsRules>
    <Enable>false</Enable>
    <MinPassAge>0</MinPassAge>
    <MaxPassAge>35</MaxPassAge>
    <MinPassLength>0</MinPassLength>
    <MinSpecChars>0</MinSpecChars>
    <MinNumChars>0</MinNumChars>
    <MinLowerCaseChars>0</MinLowerCaseChars>
    <MinUpperCaseChars>0</MinUpperCaseChars>
    <PromptDays>1</PromptDays>
    <MaxReusePass>0</MaxReusePass>
    <MaxFailBeforeLockAcc>3</MaxFailBeforeLockAcc>
    <LockAccTime>0</LockAccTime>
    <IdleTimeout>600</IdleTimeout>
    <ForceToChangePass>false</ForceToChangePass>
  </PasswordsRules>
  <CloudSettings>
    <Enabled>false</Enabled>
  </CloudSettings>
  <BrokerServerSettings>
    <Enabled>false</Enabled>
    <ServerAgentManagementMode>SingleScheduler</ServerAgentManagementMode>
    <SchedulerAgentConnectionTimeoutSec>15</SchedulerAgentConnectionTimeoutSec>
    <SchedulerAgentStatusTimeoutSec>5</SchedulerAgentStatusTimeoutSec>
    <UseSchedulerSwitchCondition>false</UseSchedulerSwitchCondition>
    <UseFilterByCondition>false</UseFilterByCondition>
    <FilterByServerIds />
    <AgentSelectionOrder>RoundRobin</AgentSelectionOrder>
  </BrokerServerSettings>
  <BrokerClientSettings>
    <BrokerControlled>true</BrokerControlled>
  </BrokerClientSettings>
  <LBFlowsDaemonSettings>
    <LBFlows />
    <TraceLogging>false</TraceLogging>
  </LBFlowsDaemonSettings>
  <HealthConditions DefaultsVersion="20230321">
    <ExcellentHealth>
      <Id>d87227cf-697c-4f20-8164-1c474d0584a0</Id>
      <Name>OSCPU &lt;= 25% and VCCPU &lt;= 10%</Name>
      <ConditionType>RootCondition</ConditionType>
      <ValueType>Empty</ValueType>
      <NestedConditions>
        <LBConditionClass>
          <Id>a630b45d-3baa-476a-953e-dbcfe34b47a8</Id>
          <Name>OS CPU (%)</Name>
          <ConditionType>OSCPUStatus</ConditionType>
          <ConditionOperator>SmallerOrEqual</ConditionOperator>
          <Value>25</Value>
          <ValueType>Empty</ValueType>
          <NestedConditions />
        </LBConditionClass>
        <LBConditionClass>
          <Id>31d6c51b-65b9-4586-bc57-0f4aba236bf6</Id>
          <ConditionType>ANDCondition</ConditionType>
          <ValueType>Empty</ValueType>
          <NestedConditions />
        </LBConditionClass>
        <LBConditionClass>
          <Id>97e73672-ddd3-4a29-8494-9bd0b5bd1248</Id>
          <Name>VC Server CPU (%)</Name>
          <ConditionType>VCServerCPUStatus</ConditionType>
          <ConditionOperator>SmallerOrEqual</ConditionOperator>
          <Value>10</Value>
          <ValueType>Empty</ValueType>
          <NestedConditions />
        </LBConditionClass>
      </NestedConditions>
    </ExcellentHealth>
    <GoodHealth>
      <Id>e1d62d11-ebc2-4db0-9915-ba9004b4178f</Id>
      <Name>OSCPU &gt; 25% or VCCPU &gt; 10%</Name>
      <ConditionType>RootCondition</ConditionType>
      <ValueType>Empty</ValueType>
      <NestedConditions>
        <LBConditionClass>
          <Id>6e401e68-2360-45c9-8072-520abee76e0a</Id>
          <Name>OS CPU (%)</Name>
          <ConditionType>OSCPUStatus</ConditionType>
          <ConditionOperator>Larger</ConditionOperator>
          <Value>25</Value>
          <ValueType>Empty</ValueType>
          <NestedConditions />
        </LBConditionClass>
        <LBConditionClass>
          <Id>1b993328-610e-4e29-8011-e2fa7180305b</Id>
          <ConditionType>ORCondition</ConditionType>
          <ValueType>Empty</ValueType>
          <NestedConditions />
        </LBConditionClass>
        <LBConditionClass>
          <Id>3fe31b12-dc96-4b0a-bc60-12d82fb77228</Id>
          <Name>VC Server CPU (%)</Name>
          <ConditionType>VCServerCPUStatus</ConditionType>
          <ConditionOperator>Larger</ConditionOperator>
          <Value>10</Value>
          <ValueType>Empty</ValueType>
          <NestedConditions />
        </LBConditionClass>
      </NestedConditions>
    </GoodHealth>
    <OkHealth>
      <Id>06d6aea6-59b7-4298-a355-6546f2d6d072</Id>
      <Name>OSCPU &gt; 50% or VCCPU &gt; 20% or OSRAM &gt; 80%</Name>
      <ConditionType>RootCondition</ConditionType>
      <ValueType>Empty</ValueType>
      <NestedConditions>
        <LBConditionClass>
          <Id>7bff0ef5-1644-4ab3-b9cf-ff7b0c996919</Id>
          <Name>OS CPU (%)</Name>
          <ConditionType>OSCPUStatus</ConditionType>
          <ConditionOperator>Larger</ConditionOperator>
          <Value>50</Value>
          <ValueType>Empty</ValueType>
          <NestedConditions />
        </LBConditionClass>
        <LBConditionClass>
          <Id>b25637c1-56e2-44a0-b983-9a1555f29a46</Id>
          <ConditionType>ORCondition</ConditionType>
          <ValueType>Empty</ValueType>
          <NestedConditions />
        </LBConditionClass>
        <LBConditionClass>
          <Id>10934dc6-cdc1-432e-8c2c-240b55a00985</Id>
          <Name>VC Server CPU (%)</Name>
          <ConditionType>VCServerCPUStatus</ConditionType>
          <ConditionOperator>Larger</ConditionOperator>
          <Value>20</Value>
          <ValueType>Empty</ValueType>
          <NestedConditions />
        </LBConditionClass>
        <LBConditionClass>
          <Id>0366db24-93a1-454e-b978-911481b6c0fe</Id>
          <ConditionType>ORCondition</ConditionType>
          <ValueType>Empty</ValueType>
          <NestedConditions />
        </LBConditionClass>
        <LBConditionClass>
          <Id>31373b4c-af8f-4e50-823a-223530c00513</Id>
          <Name>OS memory (%)</Name>
          <ConditionType>OSRAMStatus</ConditionType>
          <ConditionOperator>Larger</ConditionOperator>
          <Value>80</Value>
          <ValueType>Empty</ValueType>
          <NestedConditions />
        </LBConditionClass>
      </NestedConditions>
    </OkHealth>
    <BadHealth>
      <Id>bfca008a-5ec8-4335-aa5f-f7834568246b</Id>
      <Name>OSCPU &gt; 80% or VCCPU &gt; 60% or OSRAM &gt; 90%</Name>
      <ConditionType>RootCondition</ConditionType>
      <ValueType>Empty</ValueType>
      <NestedConditions>
        <LBConditionClass>
          <Id>cc03fb68-6b45-4cff-8265-77150081c156</Id>
          <Name>OS CPU (%)</Name>
          <ConditionType>OSCPUStatus</ConditionType>
          <ConditionOperator>Larger</ConditionOperator>
          <Value>80</Value>
          <ValueType>Empty</ValueType>
          <NestedConditions />
        </LBConditionClass>
        <LBConditionClass>
          <Id>5139ea7f-cdd7-4268-a63d-8e65a3547dc9</Id>
          <ConditionType>ORCondition</ConditionType>
          <ValueType>Empty</ValueType>
          <NestedConditions />
        </LBConditionClass>
        <LBConditionClass>
          <Id>fb79cd4a-ed82-482f-987a-fd1d6cbd5d64</Id>
          <Name>VC Server CPU (%)</Name>
          <ConditionType>VCServerCPUStatus</ConditionType>
          <ConditionOperator>Larger</ConditionOperator>
          <Value>60</Value>
          <ValueType>Empty</ValueType>
          <NestedConditions />
        </LBConditionClass>
        <LBConditionClass>
          <Id>b751c117-a174-4057-92ce-ec154ff63d95</Id>
          <ConditionType>ORCondition</ConditionType>
          <ValueType>Empty</ValueType>
          <NestedConditions />
        </LBConditionClass>
        <LBConditionClass>
          <Id>6f5d71b0-bafc-4cb6-a0fb-571fc0480da1</Id>
          <Name>OS memory (%)</Name>
          <ConditionType>OSRAMStatus</ConditionType>
          <ConditionOperator>Larger</ConditionOperator>
          <Value>90</Value>
          <ValueType>Empty</ValueType>
          <NestedConditions />
        </LBConditionClass>
      </NestedConditions>
    </BadHealth>
    <VeryBadHealth>
      <Id>33edf75b-30b5-464b-b543-16909762bbc5</Id>
      <Name>OSCPU &gt; 90% or VCCPU &gt; 80% or OSRAM &gt; 95%</Name>
      <ConditionType>RootCondition</ConditionType>
      <ValueType>Empty</ValueType>
      <NestedConditions>
        <LBConditionClass>
          <Id>38fa9388-fcbc-4f51-beee-d59f9ab77703</Id>
          <Name>OS CPU (%)</Name>
          <ConditionType>OSCPUStatus</ConditionType>
          <ConditionOperator>Larger</ConditionOperator>
          <Value>90</Value>
          <ValueType>Empty</ValueType>
          <NestedConditions />
        </LBConditionClass>
        <LBConditionClass>
          <Id>8c04ba92-3df8-4269-a359-7e6bf9d82a07</Id>
          <ConditionType>ORCondition</ConditionType>
          <ValueType>Empty</ValueType>
          <NestedConditions />
        </LBConditionClass>
        <LBConditionClass>
          <Id>12a63f0f-4544-4b1c-b1c6-a2c6f3391dd9</Id>
          <Name>VC Server CPU (%)</Name>
          <ConditionType>VCServerCPUStatus</ConditionType>
          <ConditionOperator>Larger</ConditionOperator>
          <Value>80</Value>
          <ValueType>Empty</ValueType>
          <NestedConditions />
        </LBConditionClass>
        <LBConditionClass>
          <Id>7b4cb78a-219e-46be-8be4-b68b25b675bb</Id>
          <ConditionType>ORCondition</ConditionType>
          <ValueType>Empty</ValueType>
          <NestedConditions />
        </LBConditionClass>
        <LBConditionClass>
          <Id>35a01543-eef2-4ff3-966c-32ea2627f031</Id>
          <Name>OS memory (%)</Name>
          <ConditionType>OSRAMStatus</ConditionType>
          <ConditionOperator>Larger</ConditionOperator>
          <Value>95</Value>
          <ValueType>Empty</ValueType>
          <NestedConditions />
        </LBConditionClass>
      </NestedConditions>
    </VeryBadHealth>
  </HealthConditions>
  <AutoDownloadMissingDependencies>false</AutoDownloadMissingDependencies>
  <BackupJobAdded>true</BackupJobAdded>
  <DeleteJobLogsAdded>true</DeleteJobLogsAdded>
  <SendErrorReport>true</SendErrorReport>
  <SendAnonymousDiagnosticsData>true</SendAnonymousDiagnosticsData>
  <LogDB>
    <LogToDB>true</LogToDB>
    <LogGeneralDateStart>0001-01-01T00:00:00</LogGeneralDateStart>
    <LogGeneralDateEnd>0001-01-01T00:00:00</LogGeneralDateEnd>
    <LogGeneralKeepMaximumRows>true</LogGeneralKeepMaximumRows>
    <LogGeneralMaximumRowCount>5000</LogGeneralMaximumRowCount>
    <LogGeneralKeepForXDays>false</LogGeneralKeepForXDays>
    <LogGeneralKeepForXDaysCount>14</LogGeneralKeepForXDaysCount>
    <LogAuditDateStart>0001-01-01T00:00:00</LogAuditDateStart>
    <LogAuditDateEnd>0001-01-01T00:00:00</LogAuditDateEnd>
    <LogAuditKeepMaximumRows>true</LogAuditKeepMaximumRows>
    <LogAuditMaximumRowCount>20000</LogAuditMaximumRowCount>
    <LogAuditKeepForXDays>true</LogAuditKeepForXDays>
    <LogAuditKeepForXDaysCount>30</LogAuditKeepForXDaysCount>
    <LogJobDateStart>0001-01-01T00:00:00</LogJobDateStart>
    <LogJobDateEnd>0001-01-01T00:00:00</LogJobDateEnd>
    <LogJobKeepMaximumRows>true</LogJobKeepMaximumRows>
    <LogJobMaximumRowCount>10000</LogJobMaximumRowCount>
    <LogJobKeepForXDays>true</LogJobKeepForXDays>
    <LogJobKeepForXDaysCount>30</LogJobKeepForXDaysCount>
    <LogTaskDateStart>0001-01-01T00:00:00</LogTaskDateStart>
    <LogTaskDateEnd>0001-01-01T00:00:00</LogTaskDateEnd>
    <LogTaskKeepMaximumRows>true</LogTaskKeepMaximumRows>
    <LogTaskMaximumRowCount>20000</LogTaskMaximumRowCount>
    <LogTaskKeepForXDays>true</LogTaskKeepForXDays>
    <LogTaskKeepForXDaysCount>30</LogTaskKeepForXDaysCount>
    <LogDBLocation>Internal</LogDBLocation>
    <LogExternalDBConnectionId />
    <LogExternalDBCredentialId />
    <LogExternalDBTablesCreated>false</LogExternalDBTablesCreated>
    <LogNotificationDateStart>0001-01-01T00:00:00</LogNotificationDateStart>
    <LogNotificationDateEnd>0001-01-01T00:00:00</LogNotificationDateEnd>
    <LogNotificationKeepMaximumRows>true</LogNotificationKeepMaximumRows>
    <LogNotificationMaximumRowCount>10000</LogNotificationMaximumRowCount>
    <LogNotificationKeepForXDays>true</LogNotificationKeepForXDays>
    <LogNotificationKeepForXDaysCount>30</LogNotificationKeepForXDaysCount>
    <LogServerStatsDateStart>0001-01-01T00:00:00</LogServerStatsDateStart>
    <LogServerStatsDateEnd>0001-01-01T00:00:00</LogServerStatsDateEnd>
    <LogServerStatsKeepMaximumRows>false</LogServerStatsKeepMaximumRows>
    <LogServerStatsMaximumRowCount>100000</LogServerStatsMaximumRowCount>
    <LogServerStatsKeepForXDays>true</LogServerStatsKeepForXDays>
    <LogServerStatsKeepForXDaysCount>30</LogServerStatsKeepForXDaysCount>
    <LogHealthDateStart>0001-01-01T00:00:00</LogHealthDateStart>
    <LogHealthDateEnd>0001-01-01T00:00:00</LogHealthDateEnd>
    <LogHealthKeepMaximumRows>true</LogHealthKeepMaximumRows>
    <LogHealthMaximumRowCount>10000</LogHealthMaximumRowCount>
    <LogHealthKeepForXDays>true</LogHealthKeepForXDays>
    <LogHealthKeepForXDaysCount>30</LogHealthKeepForXDaysCount>
    <LogEventDateStart>0001-01-01T00:00:00</LogEventDateStart>
    <LogEventDateEnd>0001-01-01T00:00:00</LogEventDateEnd>
    <LogEventKeepMaximumRows>true</LogEventKeepMaximumRows>
    <LogEventMaximumRowCount>10000</LogEventMaximumRowCount>
    <LogEventKeepForXDays>true</LogEventKeepForXDays>
    <LogEventKeepForXDaysCount>30</LogEventKeepForXDaysCount>
    <LogConnectionDateStart>0001-01-01T00:00:00</LogConnectionDateStart>
    <LogConnectionDateEnd>0001-01-01T00:00:00</LogConnectionDateEnd>
    <LogConnectionKeepMaximumRows>true</LogConnectionKeepMaximumRows>
    <LogConnectionMaximumRowCount>10000</LogConnectionMaximumRowCount>
    <LogConnectionKeepForXDays>true</LogConnectionKeepForXDays>
    <LogConnectionKeepForXDaysCount>30</LogConnectionKeepForXDaysCount>
    <LogTransferDateStart>0001-01-01T00:00:00</LogTransferDateStart>
    <LogTransferDateEnd>0001-01-01T00:00:00</LogTransferDateEnd>
    <LogTransferKeepMaximumRows>true</LogTransferKeepMaximumRows>
    <LogTransferMaximumRowCount>10000</LogTransferMaximumRowCount>
    <LogTransferKeepForXDays>true</LogTransferKeepForXDays>
    <LogTransferKeepForXDaysCount>30</LogTransferKeepForXDaysCount>
  </LogDB>
  <ServerSettingsFolder>C:\Program Files (x86)\VisualCron\settings</ServerSettingsFolder>
  <InstallFolder>C:\Program Files (x86)\VisualCron\</InstallFolder>
  <LogFolder>C:\Program Files (x86)\VisualCron\log</LogFolder>
  <WebClientFolder>C:\Program Files (x86)\VisualCron\WebClient</WebClientFolder>
  <BackupFolder>C:\Program Files (x86)\VisualCron\backup</BackupFolder>
  <OutputCacheFolder>C:\ProgramData\VisualCron\output</OutputCacheFolder>
  <TempFolder>C:\Windows\TEMP\VisualCron</TempFolder>
  <DefaultCodePage>1252</DefaultCodePage>
  <OverrideHTTPConnectionLimit>true</OverrideHTTPConnectionLimit>
  <HTTPConnectionLimit>500</HTTPConnectionLimit>
  <DefaultExitCodeCollection>746c95ce-d394-491c-925c-8bd50e4daa8e</DefaultExitCodeCollection>
  <JobFolders>
    <JobFolderClass>
      <JobFolderType>Normal</JobFolderType>
      <Path>¨Development¨</Path>
    </JobFolderClass>
    <JobFolderClass>
      <JobFolderType>Normal</JobFolderType>
      <Path>¨Production¨</Path>
    </JobFolderClass>
  </JobFolders>
  <DefaultROIJobTime>60</DefaultROIJobTime>
  <DefaultROIJobRate>1</DefaultROIJobRate>
  <StoreOnlySuccessfulExecutions>false</StoreOnlySuccessfulExecutions>
  <ROICurrency>USD</ROICurrency>
</ServerSettingsClass>