﻿<?xml version="1.0" encoding="utf-8"?><MFTSettingsClass xmlns:xsd="http://www.w3.org/2001/XMLSchema" xmlns:xsi="http://www.w3.org/2001/XMLSchema-instance"><ServerList><Server><Id>4afc5130-b707-4b85-9483-3a98a8ef3855</Id><ServerName>myPrysmianSFTP</ServerName><ServerType>FileServer</ServerType><ProtocolType>SFTP</ProtocolType><Status>Stopped</Status><State>Inactive</State><FtpEndpoints /><SftpEndpoints><SftpEndpoint><Id>8c1dbe9b-5970-4cd7-b804-7566114be6e7</Id><ServerId>4afc5130-b707-4b85-9483-3a98a8ef3855</ServerId><EndpointName>Main</EndpointName><ProtocolType>SFTP</ProtocolType><ConnectionsCount>0</ConnectionsCount><UseUTF8>false</UseUTF8><Ip>0.0.0.0</Ip><Port>22</Port><RootDirectory>S:\ManagedFileTransfer\TestSFTP</RootDirectory><ForceCompression>false</ForceCompression><SessionTimeout>360000</SessionTimeout><NetworkCredential>81536aeb-bded-40bc-8c56-54098029c013</NetworkCredential><VisualCronSshKeyId /><AuthAll>false</AuthAll><AuthTypes>4</AuthTypes></SftpEndpoint><SftpEndpoint><Id>d373da30-3fe9-44f1-a217-6f3c2e453a0d</Id><ServerId>4afc5130-b707-4b85-9483-3a98a8ef3855</ServerId><EndpointName>Test</EndpointName><ProtocolType>SFTP</ProtocolType><ConnectionsCount>0</ConnectionsCount><UseUTF8>false</UseUTF8><Ip>0.0.0.0</Ip><Port>22</Port><RootDirectory>S:\ManagedFileTransfer\Test2</RootDirectory><ForceCompression>false</ForceCompression><SessionTimeout>360000</SessionTimeout><NetworkCredential>81536aeb-bded-40bc-8c56-54098029c013</NetworkCredential><VisualCronSshKeyId /><AuthAll>false</AuthAll><AuthTypes>4</AuthTypes></SftpEndpoint></SftpEndpoints><HttpEndpoints /><Permissions><AccessPermission><Id>d86b44d2-87ae-4827-8d0d-fd4836e6c62e</Id><UserId>e03053ad-b114-4911-9218-96b004f59e48</UserId><ServerId>4afc5130-b707-4b85-9483-3a98a8ef3855</ServerId><Allowed>true</Allowed><BasePath>S:\ManagedFileTransfer\Test2</BasePath></AccessPermission></Permissions></Server></ServerList><UserList><User><Id>e03053ad-b114-4911-9218-96b004f59e48</Id><Email>david.faulkner@prysmiangroup.com</Email><Name /><Login>test</Login><EncryptedPassword>AMiRblJF1lfrdezwYDB7pxalphE7xfPEqChuh1zzOM/hVtYbsS1uMH9D0MrDD0RCLFsqjuBcRJf4in+VxHvnYSRlmPndMHwgeqC8CqEFJ4/KAijLzbCYbYBmSWH4xJtA</EncryptedPassword><AccessPermissions><AccessPermission><Id>d86b44d2-87ae-4827-8d0d-fd4836e6c62e</Id><UserId>e03053ad-b114-4911-9218-96b004f59e48</UserId><ServerId>4afc5130-b707-4b85-9483-3a98a8ef3855</ServerId><Allowed>true</Allowed><BasePath>S:\ManagedFileTransfer\Test2</BasePath></AccessPermission></AccessPermissions><UserPermissions><UserPermission><Id>00000000-0000-0000-0000-000000000000</Id><ServerId>4afc5130-b707-4b85-9483-3a98a8ef3855</ServerId><FolderName /><FileRead>true</FileRead><FileWrite>true</FileWrite><FileDelete>true</FileDelete><FileAppend>true</FileAppend><FileList>true</FileList><DirectoryCreate>true</DirectoryCreate><DirectoryDelete>true</DirectoryDelete><DirectoryList>true</DirectoryList><DirectorySubfolders>true</DirectorySubfolders></UserPermission><UserPermission><Id>00000000-0000-0000-0000-000000000000</Id><ServerId>4afc5130-b707-4b85-9483-3a98a8ef3855</ServerId><FolderName>S:\ManagedFileTransfer\TestSFTP</FolderName><FileRead>true</FileRead><FileWrite>true</FileWrite><FileDelete>true</FileDelete><FileAppend>true</FileAppend><FileList>true</FileList><DirectoryCreate>true</DirectoryCreate><DirectoryDelete>true</DirectoryDelete><DirectoryList>true</DirectoryList><DirectorySubfolders>true</DirectorySubfolders></UserPermission><UserPermission><Id>00000000-0000-0000-0000-000000000000</Id><ServerId>4afc5130-b707-4b85-9483-3a98a8ef3855</ServerId><FolderName>S:\ManagedFileTransfer\Test2</FolderName><FileRead>true</FileRead><FileWrite>true</FileWrite><FileDelete>true</FileDelete><FileAppend>true</FileAppend><FileList>true</FileList><DirectoryCreate>true</DirectoryCreate><DirectoryDelete>true</DirectoryDelete><DirectoryList>true</DirectoryList><DirectorySubfolders>true</DirectorySubfolders></UserPermission></UserPermissions><LinkToVCUser>false</LinkToVCUser><VisualCronUserId /><NetworkCredential /><OutgoingSpeedLimit>0</OutgoingSpeedLimit><IncomingSpeedLimit>0</IncomingSpeedLimit><VisualCronSshKeyId /><UsePublicKey>false</UsePublicKey><UsePrivateKey>false</UsePrivateKey><AuthTypes>0</AuthTypes><AuthAll>false</AuthAll><LastAccess>0001-01-01T00:00:00</LastAccess></User></UserList><Permissions><AccessPermission><Id>d86b44d2-87ae-4827-8d0d-fd4836e6c62e</Id><UserId>e03053ad-b114-4911-9218-96b004f59e48</UserId><ServerId>4afc5130-b707-4b85-9483-3a98a8ef3855</ServerId><Allowed>true</Allowed><BasePath>S:\ManagedFileTransfer\Test2</BasePath></AccessPermission></Permissions><Certificates /><Credentials /></MFTSettingsClass>