<ArrayOfTaskNotificationClass xmlns:xsd="http://www.w3.org/2001/XMLSchema" xmlns:xsi="http://www.w3.org/2001/XMLSchema-instance">
  <TaskNotificationClass>
    <Task>
      <StartNotifications />
      <CompleteNotifications />
      <ErrorNotifications />
      <Conditions />
      <TimeOut>
        <Use>false</Use>
        <Hours>0</Hours>
        <Minutes>0</Minutes>
        <Seconds>0</Seconds>
        <ConsiderError>false</ConsiderError>
      </TimeOut>
      <Stats>
        <Status>Waiting</Status>
        <JobId>f857e9f4-fdc8-4074-85e2-a59e4d2e1a0f</JobId>
        <TaskId>57ddb949-0e10-41c3-b639-224377740f9f</TaskId>
        <Active>true</Active>
        <StandardOutput>ZGF2aWQuZmF1bGtuZXJAcHJ5c21pYW5ncm91cC5jb20NCmpvbi56aWVsaW5za2lAcHJ5c21pYW4uY29tDQplcmljLmRpem9uQHByeXNtaWFuLmNvbQ==</StandardOutput>
        <StandardError />
        <ExitCode>0</ExitCode>
        <R>Success</R>
        <ExecutionTime>2.265</ExecutionTime>
        <PausedTime>0</PausedTime>
        <NoExecutes>7895</NoExecutes>
        <Result>Success</Result>
        <DateLastExited>2024-08-12T15:06:54.9332389-04:00</DateLastExited>
        <DateLastExecution>2024-08-12T15:06:52.6676056-04:00</DateLastExecution>
        <LastExecutionId>ad508fb4-1863-488f-9b87-68e171eafed9</LastExecutionId>
        <LastTaskPId>145365</LastTaskPId>
        <DateCreated>2022-10-01T23:05:09.5588476-04:00</DateCreated>
        <DateModified>2024-08-12T09:31:15.0538909-04:00</DateModified>
        <CreatedBy />
        <ModifiedBy>b97aa9ca-8b39-4a55-84a8-272a80915b77</ModifiedBy>
        <IsOutputLimited>false</IsOutputLimited>
        <IsErrorOutputLimited>false</IsErrorOutputLimited>
        <FullOutputSize>85</FullOutputSize>
        <FullErrorOutputSize>0</FullErrorOutputSize>
        <HasResultOutputs>
          <HasVideoResultOutput>false</HasVideoResultOutput>
          <HasGifResultOutput>false</HasGifResultOutput>
          <HasImageResultOutput>false</HasImageResultOutput>
          <HasFilesResultOutput>false</HasFilesResultOutput>
          <HasKeyValueResultOutput>false</HasKeyValueResultOutput>
          <HasTableResultOutput>false</HasTableResultOutput>
        </HasResultOutputs>
        <CPUStatistics>
          <AccumThreadCPUTime>0</AccumThreadCPUTime>
          <AccumProcessCPUTime>0</AccumProcessCPUTime>
          <PercentageThreadCPU>0</PercentageThreadCPU>
          <PercentageProcessCPU>0</PercentageProcessCPU>
        </CPUStatistics>
      </Stats>
      <OnError>
        <CausesError>Selected</CausesError>
        <ErrorList>
          <ErrorT>Unhandled</ErrorT>
          <ErrorT>TaskTimeout</ErrorT>
          <ErrorT>ConnectionNotFound</ErrorT>
        </ErrorList>
        <ErrorAction>NotSet</ErrorAction>
        <RetryTimes>0</RetryTimes>
        <RunFollowingTasks>true</RunFollowingTasks>
        <Minutes>0</Minutes>
        <Seconds>0</Seconds>
        <ExitCodeCollectionId>746c95ce-d394-491c-925c-8bd50e4daa8e</ExitCodeCollectionId>
        <RaiseErrorAction>NotSet</RaiseErrorAction>
        <ExitCode>77777</ExitCode>
        <EventCondition>IfOutputError</EventCondition>
        <ValueType>String</ValueType>
        <ConditionType>Equal</ConditionType>
        <ConditionValue1 />
        <ConditionValue2 />
      </OnError>
      <TaskDebugging>false</TaskDebugging>
      <Id>57ddb949-0e10-41c3-b639-224377740f9f</Id>
      <JobId>f857e9f4-fdc8-4074-85e2-a59e4d2e1a0f</JobId>
      <Order>1</Order>
      <Name>Job Failed Email</Name>
      <StoreSTDOut>true</StoreSTDOut>
      <StoreSTDErr>true</StoreSTDErr>
      <ExecutionContext>
        <IsLocalConnection>true</IsLocalConnection>
        <ConnectionId />
        <InheritExitCode>true</InheritExitCode>
        <ExecutionType>Background</ExecutionType>
        <ForegroundExecuteType>SameAsUnlockUser</ForegroundExecuteType>
        <UserName />
        <SessionID>77777</SessionID>
        <AnySessionID>true</AnySessionID>
        <BeforeExecutionLogon>false</BeforeExecutionLogon>
        <BeforeExecutionLogonCredential />
        <OtherSessionAction>DoNothingAsLongAsTargetUserConnected</OtherSessionAction>
        <AfterUnlockLock>false</AfterUnlockLock>
        <AfterExecutionAction>DoNothing</AfterExecutionAction>
      </ExecutionContext>
      <CodePage>1252</CodePage>
      <TaskType>Email</TaskType>
      <Flow>
        <FlowClass>
          <Id>105bafc2-fdf9-426d-b7ff-2d99db88519b</Id>
          <FlowOrigin>Unknown</FlowOrigin>
          <ActionType>ContinueNextTask</ActionType>
          <RetryFailAction>StopJob</RetryFailAction>
          <TimeOut>
            <Hours>0</Hours>
            <Minutes>0</Minutes>
            <Seconds>0</Seconds>
          </TimeOut>
          <EventType>OnSuccess</EventType>
          <EventCondition>Always</EventCondition>
          <ValueType>String</ValueType>
          <ConditionType>Equal</ConditionType>
          <ConditionValue1 />
          <ConditionValue2 />
          <Minutes>0</Minutes>
          <Seconds>1</Seconds>
          <NotificationId />
          <TaskId />
          <JobId />
          <RunJobAsynchronous>false</RunJobAsynchronous>
          <DeactivateJob>false</DeactivateJob>
          <RetryTimes>3</RetryTimes>
          <RunFollowingTasks>true</RunFollowingTasks>
          <DeactivateTask>false</DeactivateTask>
        </FlowClass>
        <FlowClass>
          <Id>8cd77d65-9896-4e7e-ab13-13723151c30b</Id>
          <FlowOrigin>Unknown</FlowOrigin>
          <ActionType>StopJob</ActionType>
          <RetryFailAction>StopJob</RetryFailAction>
          <TimeOut>
            <Hours>0</Hours>
            <Minutes>0</Minutes>
            <Seconds>0</Seconds>
          </TimeOut>
          <EventType>OnError</EventType>
          <EventCondition>Always</EventCondition>
          <ValueType>String</ValueType>
          <ConditionType>Equal</ConditionType>
          <ConditionValue1 />
          <ConditionValue2 />
          <Minutes>0</Minutes>
          <Seconds>1</Seconds>
          <NotificationId />
          <TaskId />
          <JobId />
          <RunJobAsynchronous>false</RunJobAsynchronous>
          <DeactivateJob>false</DeactivateJob>
          <RetryTimes>3</RetryTimes>
          <RunFollowingTasks>true</RunFollowingTasks>
          <DeactivateTask>false</DeactivateTask>
        </FlowClass>
      </Flow>
      <Email>
        <RecipientSeparator>Semicolon</RecipientSeparator>
        <Attachments>
          <AttachmentClass>
            <Id>81fa7c57-eeeb-401c-80fb-280fd0579d89</Id>
            <FileFilter>
              <Credential />
              <SourceFolder>C:\Prysmian Logo</SourceFolder>
              <SourceFolderExclude />
              <IncludeFileMaskIsRegEx>false</IncludeFileMaskIsRegEx>
              <IncludeFileMask>PrysmianLogo.png</IncludeFileMask>
              <ExcludeFiles>false</ExcludeFiles>
              <ExcludeFileMaskIsRegEx>false</ExcludeFileMaskIsRegEx>
              <ExcludeFileMask>*.txt</ExcludeFileMask>
              <IncludeSubFolders>false</IncludeSubFolders>
              <CheckContent>NotCheck</CheckContent>
              <Content />
              <OlderThanCheckType>NotCheck</OlderThanCheckType>
              <NewerThanCheckType>NotCheck</NewerThanCheckType>
              <OlderThanVariable />
              <NewerThanVariable />
              <DateOperator>AND</DateOperator>
              <IncludeAllAttributes>true</IncludeAllAttributes>
              <IncludeFileAttributes />
              <ExcludeFileAttributes />
              <CaseSensitive>false</CaseSensitive>
              <SmallerThanSizeType>kB</SmallerThanSizeType>
              <LargerThanSizeType>kB</LargerThanSizeType>
              <UseLargerThanSize>false</UseLargerThanSize>
              <LargerThanSize />
              <UseSmallerThanSize>false</UseSmallerThanSize>
              <SmallerThanSize />
              <SizeOperator>AND</SizeOperator>
              <SortResult>false</SortResult>
              <SortValue>Modified</SortValue>
              <SortDirection>Ascending</SortDirection>
              <LimitResult>false</LimitResult>
              <LimitValue>10</LimitValue>
            </FileFilter>
            <Credential />
          </AttachmentClass>
        </Attachments>
        <SignClearFormat>true</SignClearFormat>
        <SignRootHeader>false</SignRootHeader>
        <SecurityMethod>NoMethod</SecurityMethod>
        <Sign>false</Sign>
        <Encrypt>false</Encrypt>
        <PGPPublicKeyRingId />
        <PGPPrivateKeyRingId />
        <PGPUseNewFeatures>true</PGPUseNewFeatures>
        <SignId />
        <EncryptionIdList />
        <RecipientSource>Manual</RecipientSource>
        <RecipientCcSource>NotUsed</RecipientCcSource>
        <RecipientBccSource>NotUsed</RecipientBccSource>
        <Subject>VisualCron Job: {JOB(Active|Name)} Failed</Subject>
        <Connection>8336fffc-d953-4e57-9477-0e8a9284688e</Connection>
        <ReplyToEmail />
        <FromEmail>VisualCron@prysmiangroup.com</FromEmail>
        <FromName>VisualCron</FromName>
        <SendText>true</SendText>
        <SendHTML>true</SendHTML>
        <EmailPriority>Normal</EmailPriority>
        <RequestDeliveryReceipt>false</RequestDeliveryReceipt>
        <RequestReadReceipt>false</RequestReadReceipt>
        <TextToSend />
        <HTMLToSend>&lt;html xmlns:v="urn:schemas-microsoft-com:vml" xmlns:o="urn:schemas-microsoft-com:office:office" xmlns:w="urn:schemas-microsoft-com:office:word" xmlns:m="http://schemas.microsoft.com/office/2004/12/omml" xmlns="http://www.w3.org/TR/REC-html40"&gt;&lt;head&gt;&lt;meta http-equiv=Content-Type content="text/html; charset=us-ascii"&gt;&lt;meta name=Generator content="Microsoft Word 14 (filtered medium)"&gt;&lt;!--[if !mso]&gt;&lt;style&gt;v\:* {behavior:url(#default#VML);}&#xD;
o\:* {behavior:url(#default#VML);}&#xD;
w\:* {behavior:url(#default#VML);}&#xD;
.shape {behavior:url(#default#VML);}&#xD;
&lt;/style&gt;&lt;![endif]--&gt;&lt;style&gt;&lt;!--&#xD;
/* Font Definitions */&#xD;
@font-face&#xD;
    {font-family:Wingdings;&#xD;
    panose-1:5 0 0 0 0 0 0 0 0 0;}&#xD;
@font-face&#xD;
    {font-family:Wingdings;&#xD;
    panose-1:5 0 0 0 0 0 0 0 0 0;}&#xD;
@font-face&#xD;
    {font-family:Calibri;&#xD;
    panose-1:2 15 5 2 2 2 4 3 2 4;}&#xD;
@font-face&#xD;
    {font-family:Tahoma;&#xD;
    panose-1:2 11 6 4 3 5 4 4 2 4;}&#xD;
/* Style Definitions */&#xD;
p.MsoNormal, li.MsoNormal, div.MsoNormal&#xD;
    {margin:0in;&#xD;
    margin-bottom:.0001pt;&#xD;
    font-size:11.0pt;&#xD;
    font-family:"Calibri","sans-serif";}&#xD;
a:link, span.MsoHyperlink&#xD;
    {mso-style-priority:99;&#xD;
    color:#0563C1;&#xD;
    text-decoration:underline;}&#xD;
a:visited, span.MsoHyperlinkFollowed&#xD;
    {mso-style-priority:99;&#xD;
    color:#954F72;&#xD;
    text-decoration:underline;}&#xD;
p.MsoAcetate, li.MsoAcetate, div.MsoAcetate&#xD;
    {mso-style-priority:99;&#xD;
    mso-style-link:"Balloon Text Char";&#xD;
    margin:0in;&#xD;
    margin-bottom:.0001pt;&#xD;
    font-size:8.0pt;&#xD;
    font-family:"Tahoma","sans-serif";}&#xD;
p.MsoListParagraph, li.MsoListParagraph, div.MsoListParagraph&#xD;
    {mso-style-priority:34;&#xD;
    margin-top:0in;&#xD;
    margin-right:0in;&#xD;
    margin-bottom:0in;&#xD;
    margin-left:.5in;&#xD;
    margin-bottom:.0001pt;&#xD;
    font-size:11.0pt;&#xD;
    font-family:"Calibri","sans-serif";}&#xD;
span.EmailStyle17&#xD;
    {mso-style-type:personal-compose;&#xD;
    font-family:"Calibri","sans-serif";&#xD;
    color:windowtext;}&#xD;
span.BalloonTextChar&#xD;
    {mso-style-name:"Balloon Text Char";&#xD;
    mso-style-priority:99;&#xD;
    mso-style-link:"Balloon Text";&#xD;
    font-family:"Tahoma","sans-serif";}&#xD;
.MsoChpDefault&#xD;
    {mso-style-type:export-only;&#xD;
    font-family:"Calibri","sans-serif";}&#xD;
@page WordSection1&#xD;
    {size:8.5in 11.0in;&#xD;
    margin:1.0in 1.0in 1.0in 1.0in;}&#xD;
div.WordSection1&#xD;
    {page:WordSection1;}&#xD;
/* List Definitions */&#xD;
@list l0&#xD;
    {mso-list-id:445276355;&#xD;
    mso-list-type:hybrid;&#xD;
    mso-list-template-ids:-822185964 67698689 67698691 67698693 67698689 67698691 67698693 67698689 67698691 67698693;}&#xD;
@list l0:level1&#xD;
    {mso-level-number-format:bullet;&#xD;
    mso-level-text:\F0B7;&#xD;
    mso-level-tab-stop:none;&#xD;
    mso-level-number-position:left;&#xD;
    text-indent:-.25in;&#xD;
    font-family:Symbol;}&#xD;
@list l0:level2&#xD;
    {mso-level-number-format:bullet;&#xD;
    mso-level-text:o;&#xD;
    mso-level-tab-stop:none;&#xD;
    mso-level-number-position:left;&#xD;
    text-indent:-.25in;&#xD;
    font-family:"Courier New";}&#xD;
@list l0:level3&#xD;
    {mso-level-number-format:bullet;&#xD;
    mso-level-text:\F0A7;&#xD;
    mso-level-tab-stop:none;&#xD;
    mso-level-number-position:left;&#xD;
    text-indent:-.25in;&#xD;
    font-family:Wingdings;}&#xD;
@list l0:level4&#xD;
    {mso-level-number-format:bullet;&#xD;
    mso-level-text:\F0B7;&#xD;
    mso-level-tab-stop:none;&#xD;
    mso-level-number-position:left;&#xD;
    text-indent:-.25in;&#xD;
    font-family:Symbol;}&#xD;
@list l0:level5&#xD;
    {mso-level-number-format:bullet;&#xD;
    mso-level-text:o;&#xD;
    mso-level-tab-stop:none;&#xD;
    mso-level-number-position:left;&#xD;
    text-indent:-.25in;&#xD;
    font-family:"Courier New";}&#xD;
@list l0:level6&#xD;
    {mso-level-number-format:bullet;&#xD;
    mso-level-text:\F0A7;&#xD;
    mso-level-tab-stop:none;&#xD;
    mso-level-number-position:left;&#xD;
    text-indent:-.25in;&#xD;
    font-family:Wingdings;}&#xD;
@list l0:level7&#xD;
    {mso-level-number-format:bullet;&#xD;
    mso-level-text:\F0B7;&#xD;
    mso-level-tab-stop:none;&#xD;
    mso-level-number-position:left;&#xD;
    text-indent:-.25in;&#xD;
    font-family:Symbol;}&#xD;
@list l0:level8&#xD;
    {mso-level-number-format:bullet;&#xD;
    mso-level-text:o;&#xD;
    mso-level-tab-stop:none;&#xD;
    mso-level-number-position:left;&#xD;
    text-indent:-.25in;&#xD;
    font-family:"Courier New";}&#xD;
@list l0:level9&#xD;
    {mso-level-number-format:bullet;&#xD;
    mso-level-text:\F0A7;&#xD;
    mso-level-tab-stop:none;&#xD;
    mso-level-number-position:left;&#xD;
    text-indent:-.25in;&#xD;
    font-family:Wingdings;}&#xD;
ol&#xD;
    {margin-bottom:0in;}&#xD;
ul&#xD;
    {margin-bottom:0in;}&#xD;
--&gt;&lt;/style&gt;&lt;!--[if gte mso 9]&gt;&lt;xml&gt;&#xD;
&lt;o:shapedefaults v:ext="edit" spidmax="1026" /&gt;&#xD;
&lt;/xml&gt;&lt;![endif]--&gt;&lt;!--[if gte mso 9]&gt;&lt;xml&gt;&#xD;
&lt;o:shapelayout v:ext="edit"&gt;&#xD;
&lt;o:idmap v:ext="edit" data="1" /&gt;&#xD;
&lt;/o:shapelayout&gt;&lt;/xml&gt;&lt;![endif]--&gt;&lt;/head&gt;&lt;body lang=EN-US link="#0563C1" vlink="#954F72"&gt;&lt;div class=WordSection1&gt;&lt;p class=MsoNormal&gt;&#xD;
&#xD;
&lt;img width=300 height=75 id="Picture" src="cid:PrysmianLogo.png" alt=Prysmian-MS-Logo-400px&gt;&#xD;
&#xD;
&lt;o:p&gt;&lt;/o:p&gt;&lt;/p&gt;&lt;p class=MsoNormal&gt;&lt;b&gt;&lt;span style='font-size:16.0pt;font-family:"Arial","sans-serif";color:#5B9BD5'&gt;{JOB(Active|Variable|Environment)} VisualCron: Job {JOB(Active|Name)} &lt;/span&gt;&lt;/b&gt;&lt;b&gt;&lt;span style='font-size:16.0pt;font-family:"Arial","sans-serif";color:red'&gt;Failed&lt;/span&gt;&lt;/b&gt;&lt;b&gt;&lt;span style='font-size:16.0pt;font-family:"Arial","sans-serif";color:#5B9BD5'&gt;&lt;o:p&gt;&lt;/o:p&gt;&lt;/span&gt;&lt;/b&gt;&lt;/p&gt;&lt;div class=MsoNormal align=center style='text-align:center'&gt;&lt;b&gt;&lt;span style='font-size:16.0pt;font-family:"Arial","sans-serif";color:#5B9BD5'&gt;&lt;hr size=2 width="100%" noshade style='color:#5B9BD5' align=center&gt;&lt;/span&gt;&lt;/b&gt;&lt;/div&gt;&lt;p class=MsoNormal&gt;&lt;b&gt;&lt;span style='font-size:16.0pt;font-family:"Arial","sans-serif";color:#5B9BD5'&gt;&lt;o:p&gt;&amp;nbsp;&lt;/o:p&gt;&lt;/span&gt;&lt;/b&gt;&lt;/p&gt;&lt;p class=MsoNormal&gt;This message is to notify you that the execution of production job {JOB(Active|Name)} has &lt;span style='color:red'&gt;failed&lt;/span&gt;. Below are the job details&lt;o:p&gt;&lt;/o:p&gt;&lt;/p&gt;&lt;p class=MsoNormal&gt;&lt;o:p&gt;&amp;nbsp;&lt;/o:p&gt;&lt;/p&gt;&lt;table class=MsoTableGrid border=0 cellspacing=0 cellpadding=0 style='margin-left:.5in;border-collapse:collapse;border:none'&gt;&lt;tr&gt;&lt;td width=240 valign=top style='width:2.0in;padding:0in 5.4pt 0in 5.4pt'&gt;&lt;p class=MsoListParagraph style='margin-left:0in'&gt;ServerName:&lt;o:p&gt;&lt;/o:p&gt;&lt;/p&gt;&lt;/td&gt;&lt;td width=1170 valign=top style='width:701.7pt;padding:0in 5.4pt 0in 5.4pt'&gt;&lt;p class=MsoListParagraph style='margin-left:0in'&gt;{COMPUTER(Name)}&lt;o:p&gt;&lt;/o:p&gt;&lt;/p&gt;&lt;/td&gt;&lt;/tr&gt;&lt;tr&gt;&lt;td width=240 valign=top style='width:2.0in;padding:0in 5.4pt 0in 5.4pt'&gt;&lt;p class=MsoListParagraph style='margin-left:0in'&gt;IP Address:&lt;o:p&gt;&lt;/o:p&gt;&lt;/p&gt;&lt;/td&gt;&lt;td width=1170 valign=top style='width:701.7pt;padding:0in 5.4pt 0in 5.4pt'&gt;&lt;p class=MsoListParagraph style='margin-left:0in'&gt;{SERVER(IP)}&lt;o:p&gt;&lt;/o:p&gt;&lt;/p&gt;&lt;/td&gt;&lt;/tr&gt;&lt;tr&gt;&lt;td width=240 valign=top style='width:2.0in;padding:0in 5.4pt 0in 5.4pt'&gt;&lt;p class=MsoListParagraph style='margin-left:0in'&gt;VisualCron Version:&lt;o:p&gt;&lt;/o:p&gt;&lt;/p&gt;&lt;/td&gt;&lt;td width=1170 valign=top style='width:701.7pt;padding:0in 5.4pt 0in 5.4pt'&gt;&lt;p class=MsoListParagraph style='margin-left:0in'&gt;{SERVER(Version)}&lt;o:p&gt;&lt;/o:p&gt;&lt;/p&gt;&lt;/td&gt;&lt;/tr&gt;&lt;tr&gt;&lt;td width=240 valign=top style='width:2.0in;padding:0in 5.4pt 0in 5.4pt'&gt;&lt;p class=MsoListParagraph style='margin-left:0in'&gt;&lt;o:p&gt;&amp;nbsp;&lt;/o:p&gt;&lt;/p&gt;&lt;/td&gt;&lt;td width=1170 valign=top style='width:701.7pt;padding:0in 5.4pt 0in 5.4pt'&gt;&lt;p class=MsoListParagraph style='margin-left:0in'&gt;&lt;o:p&gt;&amp;nbsp;&lt;/o:p&gt;&lt;/p&gt;&lt;/td&gt;&lt;/tr&gt;&lt;tr&gt;&lt;td width=240 valign=top style='width:2.0in;padding:0in 5.4pt 0in 5.4pt'&gt;&lt;p class=MsoListParagraph style='margin-left:0in'&gt;Job Name:&lt;o:p&gt;&lt;/o:p&gt;&lt;/p&gt;&lt;/td&gt;&lt;td width=1170 valign=top style='width:701.7pt;padding:0in 5.4pt 0in 5.4pt'&gt;&lt;p class=MsoListParagraph style='margin-left:0in'&gt;{JOB(Active|Name)}&lt;o:p&gt;&lt;/o:p&gt;&lt;/p&gt;&lt;/td&gt;&lt;/tr&gt;&lt;tr&gt;&lt;td width=240 valign=top style='width:2.0in;padding:0in 5.4pt 0in 5.4pt'&gt;&lt;p class=MsoListParagraph style='margin-left:0in'&gt;Job Group:&lt;o:p&gt;&lt;/o:p&gt;&lt;/p&gt;&lt;/td&gt;&lt;td width=1170 valign=top style='width:701.7pt;padding:0in 5.4pt 0in 5.4pt'&gt;&lt;p class=MsoListParagraph style='margin-left:0in'&gt;{JOB(Active|Group)}&lt;o:p&gt;&lt;/o:p&gt;&lt;/p&gt;&lt;/td&gt;&lt;/tr&gt;&lt;tr&gt;&lt;td width=240 valign=top style='width:2.0in;padding:0in 5.4pt 0in 5.4pt'&gt;&lt;p class=MsoListParagraph style='margin-left:0in'&gt;Job Desc:&lt;o:p&gt;&lt;/o:p&gt;&lt;/p&gt;&lt;/td&gt;&lt;td width=1170 valign=top style='width:701.7pt;padding:0in 5.4pt 0in 5.4pt'&gt;&lt;p class=MsoListParagraph style='margin-left:0in'&gt;{JOB(Active|Desc)}&lt;o:p&gt;&lt;/o:p&gt;&lt;/p&gt;&lt;/td&gt;&lt;/tr&gt;&lt;tr&gt;&lt;td width=240 valign=top style='width:2.0in;padding:0in 5.4pt 0in 5.4pt'&gt;&lt;p class=MsoListParagraph style='margin-left:0in'&gt;Job Results:&lt;o:p&gt;&lt;/o:p&gt;&lt;/p&gt;&lt;/td&gt;&lt;td width=1170 valign=top style='width:701.7pt;padding:0in 5.4pt 0in 5.4pt'&gt;&lt;p class=MsoListParagraph style='margin-left:0in'&gt;{JOB(Active|Result)}&lt;o:p&gt;&lt;/o:p&gt;&lt;/p&gt;&lt;/td&gt;&lt;/tr&gt;&lt;tr&gt;&lt;td width=240 valign=top style='width:2.0in;padding:0in 5.4pt 0in 5.4pt'&gt;&lt;p class=MsoListParagraph style='margin-left:0in'&gt;Job Exit Code:&lt;o:p&gt;&lt;/o:p&gt;&lt;/p&gt;&lt;/td&gt;&lt;td width=1170 valign=top style='width:701.7pt;padding:0in 5.4pt 0in 5.4pt'&gt;&lt;p class=MsoListParagraph style='margin-left:0in'&gt;{JOB(Active|ExitCode)}&lt;o:p&gt;&lt;/o:p&gt;&lt;/p&gt;&lt;/td&gt;&lt;/tr&gt;&lt;tr&gt;&lt;td width=240 valign=top style='width:2.0in;padding:0in 5.4pt 0in 5.4pt'&gt;&lt;p class=MsoListParagraph style='margin-left:0in'&gt;Next Run:&lt;o:p&gt;&lt;/o:p&gt;&lt;/p&gt;&lt;/td&gt;&lt;td width=1170 valign=top style='width:701.7pt;padding:0in 5.4pt 0in 5.4pt'&gt;&lt;p class=MsoListParagraph style='margin-left:0in'&gt;{JOB(Active|NextRun|M/d/yyyy h:mm tt)}&lt;o:p&gt;&lt;/o:p&gt;&lt;/p&gt;&lt;/td&gt;&lt;/tr&gt;&lt;tr&gt;&lt;td width=240 valign=top style='width:2.0in;padding:0in 5.4pt 0in 5.4pt'&gt;&lt;p class=MsoListParagraph style='margin-left:0in'&gt;&lt;o:p&gt;&amp;nbsp;&lt;/o:p&gt;&lt;/p&gt;&lt;/td&gt;&lt;td width=1170 valign=top style='width:701.7pt;padding:0in 5.4pt 0in 5.4pt'&gt;&lt;p class=MsoListParagraph style='margin-left:0in'&gt;&lt;o:p&gt;&amp;nbsp;&lt;/o:p&gt;&lt;/p&gt;&lt;/td&gt;&lt;/tr&gt;&lt;tr&gt;&lt;td width=240 valign=top style='width:2.0in;padding:0in 5.4pt 0in 5.4pt'&gt;&lt;p class=MsoListParagraph style='margin-left:0in'&gt;Last Task Name:&lt;o:p&gt;&lt;/o:p&gt;&lt;/p&gt;&lt;/td&gt;&lt;td width=1170 valign=top style='width:701.7pt;padding:0in 5.4pt 0in 5.4pt'&gt;&lt;p class=MsoListParagraph style='margin-left:0in'&gt;{TASK(PrevTask|Name)}&lt;o:p&gt;&lt;/o:p&gt;&lt;/p&gt;&lt;/td&gt;&lt;/tr&gt;&lt;tr&gt;&lt;td width=240 valign=top style='width:2.0in;padding:0in 5.4pt 0in 5.4pt'&gt;&lt;p class=MsoListParagraph style='margin-left:0in'&gt;Last Task Type:&lt;o:p&gt;&lt;/o:p&gt;&lt;/p&gt;&lt;/td&gt;&lt;td width=1170 valign=top style='width:701.7pt;padding:0in 5.4pt 0in 5.4pt'&gt;&lt;p class=MsoListParagraph style='margin-left:0in'&gt;{TASK(PrevTask|Type)}&lt;o:p&gt;&lt;/o:p&gt;&lt;/p&gt;&lt;/td&gt;&lt;/tr&gt;&lt;tr&gt;&lt;td width=240 valign=top style='width:2.0in;padding:0in 5.4pt 0in 5.4pt'&gt;&lt;p class=MsoListParagraph style='margin-left:0in'&gt;Last Task Exit Code:&lt;o:p&gt;&lt;/o:p&gt;&lt;/p&gt;&lt;/td&gt;&lt;td width=1170 valign=top style='width:701.7pt;padding:0in 5.4pt 0in 5.4pt'&gt;&lt;p class=MsoListParagraph style='margin-left:0in'&gt;{TASK(PrevTask|ExitCode)} - {TASK(PrevTask|ExitCodeDesc)}&lt;o:p&gt;&lt;/o:p&gt;&lt;/p&gt;&lt;/td&gt;&lt;/tr&gt;&lt;tr&gt;&lt;td width=240 valign=top style='width:2.0in;padding:0in 5.4pt 0in 5.4pt'&gt;&lt;p class=MsoListParagraph style='margin-left:0in'&gt;Last Task Result:&lt;o:p&gt;&lt;/o:p&gt;&lt;/p&gt;&lt;/td&gt;&lt;td width=1170 valign=top style='width:701.7pt;padding:0in 5.4pt 0in 5.4pt'&gt;&lt;p class=MsoListParagraph style='margin-left:0in'&gt;{TASK(PrevTask|Result)}&lt;o:p&gt;&lt;/o:p&gt;&lt;/p&gt;&lt;/td&gt;&lt;/tr&gt;&lt;tr&gt;&lt;td width=240 valign=top style='width:2.0in;padding:0in 5.4pt 0in 5.4pt'&gt;&lt;p class=MsoListParagraph style='margin-left:0in'&gt;Last Task Output:&lt;o:p&gt;&lt;/o:p&gt;&lt;/p&gt;&lt;/td&gt;&lt;td width=1170 valign=top style='width:701.7pt;padding:0in 5.4pt 0in 5.4pt'&gt;&lt;p class=MsoListParagraph style='margin-left:0in'&gt;{TASK(PrevTask|StdOut)}&lt;o:p&gt;&lt;/o:p&gt;&lt;/p&gt;&lt;/td&gt;&lt;/tr&gt;&lt;tr&gt;&lt;td width=240 valign=top style='width:2.0in;padding:0in 5.4pt 0in 5.4pt'&gt;&lt;p class=MsoListParagraph style='margin-left:0in'&gt;Last Task Error Output:&lt;o:p&gt;&lt;/o:p&gt;&lt;/p&gt;&lt;/td&gt;&lt;td width=1170 valign=top style='width:701.7pt;padding:0in 5.4pt 0in 5.4pt'&gt;&lt;p class=MsoListParagraph style='margin-left:0in'&gt;{TASK(PrevTask|StdErr)}&lt;o:p&gt;&lt;/o:p&gt;&lt;/p&gt;&lt;/td&gt;&lt;/tr&gt;&lt;/table&gt;&lt;p class=MsoListParagraph&gt;&amp;nbsp;&amp;nbsp;&amp;nbsp;&amp;nbsp;&amp;nbsp;&amp;nbsp;&amp;nbsp;&amp;nbsp;&amp;nbsp;&amp;nbsp;&amp;nbsp;&amp;nbsp;&amp;nbsp;&amp;nbsp; &lt;o:p&gt;&lt;/o:p&gt;&lt;/p&gt;&lt;p class=MsoNormal&gt;Please look into it as soon as possible. Check VisualCron job &amp;amp; task history for more details. &lt;o:p&gt;&lt;/o:p&gt;&lt;/p&gt;&lt;p class=MsoNormal&gt;&lt;o:p&gt;&amp;nbsp;&lt;/o:p&gt;&lt;/p&gt;&lt;p class=MsoNormal&gt;Thanks and Best Regards!&lt;o:p&gt;&lt;/o:p&gt;&lt;/p&gt;&lt;p class=MsoNormal&gt;&lt;o:p&gt;&amp;nbsp;&lt;/o:p&gt;&lt;/p&gt;&lt;p class=MsoNormal&gt;Note: Please do not reply to this e-mail, as it is an unmonitored alias. &lt;o:p&gt;&lt;/o:p&gt;&lt;/p&gt;&lt;p class=MsoNormal&gt;&lt;b&gt;&amp;nbsp;&amp;nbsp;&amp;nbsp;&amp;nbsp;&amp;nbsp;&amp;nbsp;&amp;nbsp;&amp;nbsp;&amp;nbsp;&amp;nbsp;&amp;nbsp;&amp;nbsp;&amp;nbsp;&amp;nbsp; &lt;o:p&gt;&lt;/o:p&gt;&lt;/b&gt;&lt;/p&gt;&lt;/div&gt;&lt;/body&gt;&lt;/html&gt;</HTMLToSend>
        <RecipientString>david.faulkner@prysmiangroup.com; jon.zielinski@prysmian.com;eric.dizon@prysmian.com</RecipientString>
        <RecipientCcString />
        <RecipientBccString />
        <RecipientCredential />
        <RecipientCcCredential />
        <RecipientBccCredential />
        <SendSeparateEmails>true</SendSeparateEmails>
      </Email>
      <ProcessorsAffinity />
    </Task>
  </TaskNotificationClass>
</ArrayOfTaskNotificationClass>