﻿<?xml version="1.0" encoding="utf-8"?><ArrayOfSecGroupClass xmlns:xsd="http://www.w3.org/2001/XMLSchema" xmlns:xsi="http://www.w3.org/2001/XMLSchema-instance"><SecGroupClass><DefaultGroup>true</DefaultGroup><AutoOverrideObjectPermission>true</AutoOverrideObjectPermission><Id>1df408ab-c2e3-41b6-ba0e-9b17b3b6743a</Id><Name>Administrators</Name><Description>A group with full access</Description><Sec><Jobs><Add>Yes</Add><Edit>Yes</Edit><Read>Yes</Read><Delete>Yes</Delete><Execute>Yes</Execute><List>Yes</List></Jobs><ClientConnections><Add>NaNo</Add><Edit>NaNo</Edit><Read>Yes</Read><Delete>NaNo</Delete><Execute>NaNo</Execute><List>NAYes</List></ClientConnections><Conditions><Add>Yes</Add><Edit>Yes</Edit><Read>NAYes</Read><Delete>Yes</Delete><Execute>NaNo</Execute><List>NAYes</List></Conditions><Certificates><Add>Yes</Add><Edit>Yes</Edit><Read>Yes</Read><Delete>Yes</Delete><Execute>NaNo</Execute><List>NAYes</List></Certificates><SSHKeys><Add>Yes</Add><Edit>Yes</Edit><Read>Yes</Read><Delete>Yes</Delete><Execute>NaNo</Execute><List>NAYes</List></SSHKeys><Notifications><Add>Yes</Add><Edit>Yes</Edit><Read>NAYes</Read><Delete>Yes</Delete><Execute>NaNo</Execute><List>NAYes</List></Notifications><Tasks><Add>Yes</Add><Edit>Yes</Edit><Read>Yes</Read><Delete>Yes</Delete><Execute>Yes</Execute><List>NAYes</List></Tasks><TECollections><Add>Yes</Add><Edit>Yes</Edit><Read>Yes</Read><Delete>Yes</Delete><Execute>NaNo</Execute><List>NAYes</List></TECollections><TEExceptions><Add>Yes</Add><Edit>Yes</Edit><Read>Yes</Read><Delete>Yes</Delete><Execute>NaNo</Execute><List>NAYes</List></TEExceptions><Triggers><Add>Yes</Add><Edit>Yes</Edit><Read>Yes</Read><Delete>Yes</Delete><Execute>NaNo</Execute><List>NAYes</List></Triggers><ClientSettings><Add>NaNo</Add><Edit>Yes</Edit><Read>Yes</Read><Delete>NaNo</Delete><Execute>NaNo</Execute><List>NaNo</List></ClientSettings><ServerSettings><Add>NaNo</Add><Edit>Yes</Edit><Read>Yes</Read><Delete>NaNo</Delete><Execute>NaNo</Execute><List>NaNo</List></ServerSettings><UserAdministration><Add>Yes</Add><Edit>Yes</Edit><Read>Yes</Read><Delete>Yes</Delete><Execute>NaNo</Execute><List>NAYes</List></UserAdministration><NetworkCredentials><Add>Yes</Add><Edit>Yes</Edit><Read>Yes</Read><Delete>Yes</Delete><Execute>Yes</Execute><List>Yes</List></NetworkCredentials><Processes><Add>NaNo</Add><Edit>NaNo</Edit><Read>Yes</Read><Delete>Yes</Delete><Execute>NaNo</Execute><List>NAYes</List></Processes><ManageServers><Add>NaNo</Add><Edit>Yes</Edit><Read>Yes</Read><Delete>NaNo</Delete><Execute>NaNo</Execute><List>NaNo</List></ManageServers><Log><Add>NaNo</Add><Edit>NaNo</Edit><Read>Yes</Read><Delete>NaNo</Delete><Execute>NaNo</Execute><List>NAYes</List></Log><FTPConnections><Add>Yes</Add><Edit>Yes</Edit><Read>Yes</Read><Delete>Yes</Delete><Execute>Yes</Execute><List>Yes</List></FTPConnections><Variables><Add>Yes</Add><Edit>Yes</Edit><Read>Yes</Read><Delete>Yes</Delete><Execute>NaNo</Execute><List>NAYes</List></Variables><PGPKeyRings><Add>Yes</Add><Edit>Yes</Edit><Read>Yes</Read><Delete>Yes</Delete><Execute>NaNo</Execute><List>NAYes</List></PGPKeyRings><ExportSettings><Add>NaNo</Add><Edit>Yes</Edit><Read>Yes</Read><Delete>NaNo</Delete><Execute>NaNo</Execute><List>NAYes</List></ExportSettings><ImportSettings><Add>NaNo</Add><Edit>Yes</Edit><Read>Yes</Read><Delete>NaNo</Delete><Execute>NaNo</Execute><List>NAYes</List></ImportSettings><NetworkDrives><Add>Yes</Add><Edit>Yes</Edit><Read>Yes</Read><Delete>Yes</Delete><Execute>NaNo</Execute><List>NAYes</List></NetworkDrives><RemoteFileExplorer><Add>NaNo</Add><Edit>NaNo</Edit><Read>Yes</Read><Delete>NaNo</Delete><Execute>NaNo</Execute><List>NaNo</List></RemoteFileExplorer><SQLExplorer><Add>NaNo</Add><Edit>NaNo</Edit><Read>Yes</Read><Delete>NaNo</Delete><Execute>Yes</Execute><List>NaNo</List></SQLExplorer><License><Add>NaNo</Add><Edit>NaNo</Edit><Read>Yes</Read><Delete>NaNo</Delete><Execute>Yes</Execute><List>NaNo</List></License><ExitCodes><Add>NAYes</Add><Edit>Yes</Edit><Read>Yes</Read><Delete>Yes</Delete><Execute>NaNo</Execute><List>NAYes</List></ExitCodes><AuditLog><Add>NaNo</Add><Edit>NaNo</Edit><Read>Yes</Read><Delete>NaNo</Delete><Execute>NaNo</Execute><List>NaNo</List></AuditLog><ObjectFinder><Add>NaNo</Add><Edit>NaNo</Edit><Read>Yes</Read><Delete>NaNo</Delete><Execute>NaNo</Execute><List>NaNo</List></ObjectFinder><TaskRepository><Add>Yes</Add><Edit>Yes</Edit><Read>Yes</Read><Delete>Yes</Delete><Execute>Yes</Execute><List>Yes</List></TaskRepository><TaskManager><Add>NaNo</Add><Edit>Yes</Edit><Read>Yes</Read><Delete>Yes</Delete><Execute>Yes</Execute><List>NaNo</List></TaskManager><SyncSettings><Add>Yes</Add><Edit>Yes</Edit><Read>Yes</Read><Delete>Yes</Delete><Execute>Yes</Execute><List>Yes</List></SyncSettings><CloudSettings><Add>No</Add><Edit>No</Edit><Read>No</Read><Delete>No</Delete><Execute>No</Execute><List>Yes</List></CloudSettings><HealthStates><Add>Yes</Add><Edit>Yes</Edit><Read>Yes</Read><Delete>Yes</Delete><Execute>NaNo</Execute><List>NAYes</List></HealthStates><LBConditions><Add>Yes</Add><Edit>Yes</Edit><Read>Yes</Read><Delete>Yes</Delete><Execute>NaNo</Execute><List>NAYes</List></LBConditions></Sec></SecGroupClass><SecGroupClass><DefaultGroup>false</DefaultGroup><AutoOverrideObjectPermission>true</AutoOverrideObjectPermission><Id>2df408ab-c2e3-41b6-ba0e-9b17b3b6743a</Id><Name>Viewers</Name><Description>A group with read-only access</Description><Sec><Jobs><Add>No</Add><Edit>No</Edit><Read>NAYes</Read><Delete>No</Delete><Execute>No</Execute><List>Yes</List></Jobs><ClientConnections><Add>NaNo</Add><Edit>NaNo</Edit><Read>Yes</Read><Delete>NaNo</Delete><Execute>NaNo</Execute><List>NAYes</List></ClientConnections><Conditions><Add>No</Add><Edit>No</Edit><Read>NAYes</Read><Delete>No</Delete><Execute>NaNo</Execute><List>NAYes</List></Conditions><Certificates><Add>No</Add><Edit>No</Edit><Read>Yes</Read><Delete>No</Delete><Execute>NaNo</Execute><List>NAYes</List></Certificates><SSHKeys><Add>Yes</Add><Edit>Yes</Edit><Read>Yes</Read><Delete>Yes</Delete><Execute>NaNo</Execute><List>NAYes</List></SSHKeys><Notifications><Add>No</Add><Edit>No</Edit><Read>NAYes</Read><Delete>No</Delete><Execute>NaNo</Execute><List>Yes</List></Notifications><Tasks><Add>No</Add><Edit>No</Edit><Read>Yes</Read><Delete>No</Delete><Execute>No</Execute><List>NAYes</List></Tasks><TECollections><Add>No</Add><Edit>No</Edit><Read>Yes</Read><Delete>No</Delete><Execute>NaNo</Execute><List>NAYes</List></TECollections><TEExceptions><Add>No</Add><Edit>No</Edit><Read>Yes</Read><Delete>No</Delete><Execute>NaNo</Execute><List>NAYes</List></TEExceptions><Triggers><Add>No</Add><Edit>No</Edit><Read>Yes</Read><Delete>No</Delete><Execute>NaNo</Execute><List>NAYes</List></Triggers><ClientSettings><Add>NaNo</Add><Edit>No</Edit><Read>Yes</Read><Delete>NaNo</Delete><Execute>NaNo</Execute><List>NaNo</List></ClientSettings><ServerSettings><Add>NaNo</Add><Edit>No</Edit><Read>Yes</Read><Delete>NaNo</Delete><Execute>NaNo</Execute><List>NaNo</List></ServerSettings><UserAdministration><Add>No</Add><Edit>No</Edit><Read>Yes</Read><Delete>No</Delete><Execute>NaNo</Execute><List>NAYes</List></UserAdministration><NetworkCredentials><Add>No</Add><Edit>No</Edit><Read>NAYes</Read><Delete>No</Delete><Execute>Yes</Execute><List>Yes</List></NetworkCredentials><Processes><Add>NaNo</Add><Edit>NaNo</Edit><Read>Yes</Read><Delete>No</Delete><Execute>NaNo</Execute><List>NAYes</List></Processes><ManageServers><Add>NaNo</Add><Edit>No</Edit><Read>Yes</Read><Delete>NaNo</Delete><Execute>NaNo</Execute><List>NAYes</List></ManageServers><Log><Add>NaNo</Add><Edit>NaNo</Edit><Read>Yes</Read><Delete>NaNo</Delete><Execute>NAYes</Execute><List>NAYes</List></Log><FTPConnections><Add>No</Add><Edit>No</Edit><Read>Yes</Read><Delete>No</Delete><Execute>Yes</Execute><List>Yes</List></FTPConnections><Variables><Add>No</Add><Edit>No</Edit><Read>Yes</Read><Delete>No</Delete><Execute>NaNo</Execute><List>NAYes</List></Variables><PGPKeyRings><Add>No</Add><Edit>No</Edit><Read>Yes</Read><Delete>No</Delete><Execute>NaNo</Execute><List>NAYes</List></PGPKeyRings><ExportSettings><Add>NaNo</Add><Edit>No</Edit><Read>Yes</Read><Delete>NaNo</Delete><Execute>NaNo</Execute><List>NaNo</List></ExportSettings><ImportSettings><Add>NaNo</Add><Edit>No</Edit><Read>Yes</Read><Delete>NaNo</Delete><Execute>NaNo</Execute><List>NaNo</List></ImportSettings><NetworkDrives><Add>No</Add><Edit>No</Edit><Read>Yes</Read><Delete>No</Delete><Execute>NaNo</Execute><List>NAYes</List></NetworkDrives><RemoteFileExplorer><Add>NaNo</Add><Edit>NaNo</Edit><Read>Yes</Read><Delete>NaNo</Delete><Execute>NaNo</Execute><List>NaNo</List></RemoteFileExplorer><SQLExplorer><Add>NaNo</Add><Edit>NaNo</Edit><Read>Yes</Read><Delete>NaNo</Delete><Execute>No</Execute><List>NaNo</List></SQLExplorer><License><Add>NaNo</Add><Edit>NaNo</Edit><Read>Yes</Read><Delete>NaNo</Delete><Execute>No</Execute><List>NaNo</List></License><ExitCodes><Add>No</Add><Edit>No</Edit><Read>Yes</Read><Delete>No</Delete><Execute>No</Execute><List>NAYes</List></ExitCodes><AuditLog><Add>NaNo</Add><Edit>NaNo</Edit><Read>Yes</Read><Delete>NaNo</Delete><Execute>NaNo</Execute><List>NaNo</List></AuditLog><ObjectFinder><Add>NaNo</Add><Edit>NaNo</Edit><Read>Yes</Read><Delete>NaNo</Delete><Execute>NaNo</Execute><List>NaNo</List></ObjectFinder><TaskRepository><Add>No</Add><Edit>No</Edit><Read>NAYes</Read><Delete>No</Delete><Execute>No</Execute><List>Yes</List></TaskRepository><TaskManager><Add>NaNo</Add><Edit>No</Edit><Read>Yes</Read><Delete>Yes</Delete><Execute>No</Execute><List>NaNo</List></TaskManager><SyncSettings><Add>No</Add><Edit>No</Edit><Read>NAYes</Read><Delete>No</Delete><Execute>No</Execute><List>Yes</List></SyncSettings><CloudSettings><Add>Yes</Add><Edit>Yes</Edit><Read>Yes</Read><Delete>Yes</Delete><Execute>Yes</Execute><List>Yes</List></CloudSettings><HealthStates><Add>No</Add><Edit>No</Edit><Read>Yes</Read><Delete>No</Delete><Execute>NaNo</Execute><List>NAYes</List></HealthStates><LBConditions><Add>No</Add><Edit>No</Edit><Read>Yes</Read><Delete>No</Delete><Execute>NaNo</Execute><List>NAYes</List></LBConditions></Sec></SecGroupClass><SecGroupClass><DefaultGroup>false</DefaultGroup><AutoOverrideObjectPermission>true</AutoOverrideObjectPermission><Id>4df408ab-c2e3-41b6-ba0e-9b17b3b6743a</Id><Name>VisualCron system group (limited)</Name><Description>Internal group for VisualCron components</Description><Sec><Jobs><Add>NaNo</Add><Edit>NAYes</Edit><Read>NAYes</Read><Delete>NaNo</Delete><Execute>NAYes</Execute><List>NAYes</List></Jobs><ClientConnections><Add>NaNo</Add><Edit>NaNo</Edit><Read>NAYes</Read><Delete>NaNo</Delete><Execute>NaNo</Execute><List>NAYes</List></ClientConnections><Conditions><Add>NaNo</Add><Edit>NaNo</Edit><Read>NAYes</Read><Delete>NaNo</Delete><Execute>NaNo</Execute><List>NAYes</List></Conditions><Certificates><Add>NaNo</Add><Edit>NaNo</Edit><Read>NAYes</Read><Delete>NaNo</Delete><Execute>NaNo</Execute><List>NAYes</List></Certificates><SSHKeys><Add>NaNo</Add><Edit>NaNo</Edit><Read>NAYes</Read><Delete>NaNo</Delete><Execute>NaNo</Execute><List>NAYes</List></SSHKeys><Notifications><Add>NaNo</Add><Edit>NaNo</Edit><Read>NAYes</Read><Delete>NaNo</Delete><Execute>NaNo</Execute><List>NAYes</List></Notifications><Tasks><Add>NaNo</Add><Edit>NaNo</Edit><Read>NAYes</Read><Delete>NaNo</Delete><Execute>NaNo</Execute><List>Yes</List></Tasks><TECollections><Add>NaNo</Add><Edit>NaNo</Edit><Read>NAYes</Read><Delete>NaNo</Delete><Execute>NaNo</Execute><List>NAYes</List></TECollections><TEExceptions><Add>NaNo</Add><Edit>NaNo</Edit><Read>NAYes</Read><Delete>NaNo</Delete><Execute>NaNo</Execute><List>NAYes</List></TEExceptions><Triggers><Add>NaNo</Add><Edit>NaNo</Edit><Read>NAYes</Read><Delete>NaNo</Delete><Execute>NaNo</Execute><List>NAYes</List></Triggers><ClientSettings><Add>NaNo</Add><Edit>NaNo</Edit><Read>NAYes</Read><Delete>NaNo</Delete><Execute>NaNo</Execute><List>NAYes</List></ClientSettings><ServerSettings><Add>NaNo</Add><Edit>NAYes</Edit><Read>NAYes</Read><Delete>NaNo</Delete><Execute>NaNo</Execute><List>NAYes</List></ServerSettings><UserAdministration><Add>NaNo</Add><Edit>NaNo</Edit><Read>NAYes</Read><Delete>NaNo</Delete><Execute>NaNo</Execute><List>NAYes</List></UserAdministration><NetworkCredentials><Add>NaNo</Add><Edit>NaNo</Edit><Read>NAYes</Read><Delete>NaNo</Delete><Execute>NaNo</Execute><List>NAYes</List></NetworkCredentials><Processes><Add>NaNo</Add><Edit>NaNo</Edit><Read>NAYes</Read><Delete>NaNo</Delete><Execute>NaNo</Execute><List>NAYes</List></Processes><ManageServers><Add>NaNo</Add><Edit>NaNo</Edit><Read>NAYes</Read><Delete>NaNo</Delete><Execute>NaNo</Execute><List>NAYes</List></ManageServers><Log><Add>NaNo</Add><Edit>NaNo</Edit><Read>NAYes</Read><Delete>NaNo</Delete><Execute>NaNo</Execute><List>NAYes</List></Log><FTPConnections><Add>NaNo</Add><Edit>NaNo</Edit><Read>NAYes</Read><Delete>NaNo</Delete><Execute>NaNo</Execute><List>NAYes</List></FTPConnections><Variables><Add>NAYes</Add><Edit>NAYes</Edit><Read>NAYes</Read><Delete>NAYes</Delete><Execute>NAYes</Execute><List>NAYes</List></Variables><PGPKeyRings><Add>NaNo</Add><Edit>NaNo</Edit><Read>NAYes</Read><Delete>NaNo</Delete><Execute>NaNo</Execute><List>NAYes</List></PGPKeyRings><ExportSettings><Add>NaNo</Add><Edit>NaNo</Edit><Read>NaNo</Read><Delete>NaNo</Delete><Execute>NaNo</Execute><List>NaNo</List></ExportSettings><ImportSettings><Add>NaNo</Add><Edit>NaNo</Edit><Read>NaNo</Read><Delete>NaNo</Delete><Execute>NaNo</Execute><List>NaNo</List></ImportSettings><NetworkDrives><Add>NaNo</Add><Edit>NaNo</Edit><Read>NAYes</Read><Delete>NaNo</Delete><Execute>NaNo</Execute><List>NAYes</List></NetworkDrives><RemoteFileExplorer><Add>NaNo</Add><Edit>NaNo</Edit><Read>NaNo</Read><Delete>NaNo</Delete><Execute>NaNo</Execute><List>NaNo</List></RemoteFileExplorer><SQLExplorer><Add>NaNo</Add><Edit>NaNo</Edit><Read>NaNo</Read><Delete>NaNo</Delete><Execute>NaNo</Execute><List>NaNo</List></SQLExplorer><License><Add>NaNo</Add><Edit>NaNo</Edit><Read>NAYes</Read><Delete>NaNo</Delete><Execute>NaNo</Execute><List>NAYes</List></License><ExitCodes><Add>NaNo</Add><Edit>NaNo</Edit><Read>NAYes</Read><Delete>NaNo</Delete><Execute>NaNo</Execute><List>NAYes</List></ExitCodes><AuditLog><Add>NaNo</Add><Edit>NaNo</Edit><Read>NAYes</Read><Delete>NaNo</Delete><Execute>NaNo</Execute><List>NAYes</List></AuditLog><ObjectFinder><Add>NaNo</Add><Edit>NaNo</Edit><Read>NaNo</Read><Delete>NaNo</Delete><Execute>NaNo</Execute><List>NaNo</List></ObjectFinder><TaskRepository><Add>NaNo</Add><Edit>NaNo</Edit><Read>NAYes</Read><Delete>NaNo</Delete><Execute>NaNo</Execute><List>NAYes</List></TaskRepository><TaskManager><Add>NaNo</Add><Edit>NaNo</Edit><Read>NaNo</Read><Delete>NaNo</Delete><Execute>NaNo</Execute><List>NAYes</List></TaskManager><SyncSettings><Add>NaNo</Add><Edit>NaNo</Edit><Read>NAYes</Read><Delete>NaNo</Delete><Execute>NaNo</Execute><List>NAYes</List></SyncSettings><CloudSettings><Add>NaNo</Add><Edit>NaNo</Edit><Read>NAYes</Read><Delete>NaNo</Delete><Execute>NaNo</Execute><List>NAYes</List></CloudSettings><HealthStates><Add>NaNo</Add><Edit>NaNo</Edit><Read>NAYes</Read><Delete>NaNo</Delete><Execute>NaNo</Execute><List>NAYes</List></HealthStates><LBConditions><Add>NaNo</Add><Edit>NaNo</Edit><Read>NAYes</Read><Delete>NaNo</Delete><Execute>NaNo</Execute><List>NAYes</List></LBConditions></Sec></SecGroupClass></ArrayOfSecGroupClass>