﻿<?xml version="1.0" encoding="utf-8"?><ArrayOfSecUserClass xmlns:xsd="http://www.w3.org/2001/XMLSchema" xmlns:xsi="http://www.w3.org/2001/XMLSchema-instance"><SecUserClass><ADCredential /><ADHostName /><ADDC /><Id>a2d88bf3-d0f3-40f1-a942-086cf33b8ad4</Id><Name>IHynaZ25YHrIQsUSwyhCWfX4HWlG/Q0VNE3P9KU1EuekZnZRpgpHD4DvRpcgE8gMEjURGy9jxSSvImKCLJj7UMTtNE1QnK/rpMYQsOZjOcArREVIp+3BCIRH9GAANQMh</Name><UserName>bxbTkn4Vf6N5xds+kgCEz/mjlusour0odCMFRe2r0SBFHe008VL31Qx026WUSLAH6mh40xc029gZxj8S3rcDoqLn8pKIwm/aBXQ6KwRKjBMNlN6i9f37MTUvU0KBDeuJ</UserName><Passwords><base64Binary>hj6SPpyxQExzTww7w0WTQsg1W3PG1y5YKtUl2eEy48TvvDcLi/OZaRRfaRJwUFZviPcVOKW/bK6/SmCsxBOt/2LEIXHJTlQkgBD6HiBpKYDM+hK3nk3UCwUhDldFrBzZgAdYHb2112PljgfpnWhsGBzQOngq8lLWCkM7i9/7ZQg=</base64Binary></Passwords><TokenExpiry>0001-01-01T00:00:00</TokenExpiry><PasswordChangeDate>0001-01-01T00:00:00</PasswordChangeDate><WrongPasswordsCount>0</WrongPasswordsCount><AccountBlockedTime>0001-01-01T00:00:00</AccountBlockedTime><Active>true</Active><InheritGroup>true</InheritGroup><Groups><string>1df408ab-c2e3-41b6-ba0e-9b17b3b6743a</string></Groups><OriginalADGroupId /><LinkedADGroupIds /><IsADUser>false</IsADUser><IsADGroup>false</IsADGroup><ForceToChangePass>false</ForceToChangePass></SecUserClass><SecUserClass><ADCredential /><ADHostName /><ADDC /><Id>b626c954-f49a-2e23-b9b5-fd84f90ae628</Id><Name>N8wLap6VXSDbOpDnMG+7OO/SPhmkzoPxMCsij5OXUyb8/XW2YzU+omDPIi+An/GaeBRolSnGSODGkhlsFY7/Upye3FYx2j1jHsQsqYFwSDPqcEAt2/FGt9R/L4Uh78/T</Name><UserName>e6Kk3Qk20vdlz2U+FJask2DtlXsDLJfvlVX+rRQxaMCG3V3AFbfS830WplnX/B8ULYZfzbVZtrDAGtpemGEQ4SuBL2k9B0bC9KXxst/Zf3+K2UIZ1MGdZmWMh4ZQAOGT</UserName><Passwords><base64Binary>xS/AQeo1oQJG4DHFfJG3MzveLKxxn+n19LNsTkeYbnQOg/PAftXRUVSDAYSpLKOey8VeydCaixNuumfrkkt6+F3RiRz4QdbQXmkli/7NInlLZVzgbkXOVI//UU6qKkQF9Uc/6N/gEMAta/nupMauzTqhIAvrUazzzrlvlPUwglQ=</base64Binary></Passwords><TokenExpiry>0001-01-01T00:00:00</TokenExpiry><PasswordChangeDate>2022-09-22T10:08:58.8564551-04:00</PasswordChangeDate><WrongPasswordsCount>0</WrongPasswordsCount><AccountBlockedTime>0001-01-01T00:00:00</AccountBlockedTime><Active>true</Active><InheritGroup>true</InheritGroup><Groups><string>4df408ab-c2e3-41b6-ba0e-9b17b3b6743a</string></Groups><OriginalADGroupId /><LinkedADGroupIds /><IsADUser>false</IsADUser><IsADGroup>false</IsADGroup><ForceToChangePass>false</ForceToChangePass></SecUserClass><SecUserClass><ADCredential>81536aeb-bded-40bc-8c56-54098029c013</ADCredential><ADHostName>prysmian.gph.local:636</ADHostName><ADDC>prysmian</ADDC><Id>b97aa9ca-8b39-4a55-84a8-272a80915b77</Id><Email>jVmQ4AVF4eoFdD6B5GfiOvQzzkK4726xWwwSUg/dTQ1V/K3UrCEZG68jfKftqOEYXpBGQDHT5AW7OrIWOZZ2uVpLYk/1SAnGoBit84ATkgBCsAVAC6qRdFdESL/1/EGu</Email><Name>KoOJqruJsMgJiku/3jkLDRgnckpJlhmpMQARtPHpXPjzz13sbzDtZeetZkxZiyVL1wBHwK99q8kn1K9pu/QEaOZ6L7lnMjnvWtCCkBCAeR31UAJ87piPUV/jrUTy1prV</Name><UserName>iq2gNoYZkVSMhjn1M7c6X5/zx/duxiG2DQOyH9He9Gtwxeze2jHOgMapLT/Q1HK6tMZhYiAYlLLNcQaLAkgYroxWR4MkdUAzvJNclOTCOeigAYBzHviWSDKCX6JZGt+a</UserName><Passwords /><Token>TChaOrV/UueXmCikOcsj+V4QcOVvqdMQjBrVvfHxzeAq53ReeKcZgfSBaUdoOSNoLBn9HU2rFyes4KzkAw7I/H0fi4qogtbx6fN1/9Pw2OtO1JfK9w9O8En08QlrfcN1Vg2eq5CAVyBl1aBnf09B1pYWr11oaD/iVaLMw8rQAMw=</Token><TokenExpiry>9999-12-31T23:59:59.9999999Z</TokenExpiry><PasswordChangeDate>0001-01-01T00:00:00</PasswordChangeDate><WrongPasswordsCount>0</WrongPasswordsCount><AccountBlockedTime>0001-01-01T00:00:00</AccountBlockedTime><Active>true</Active><InheritGroup>false</InheritGroup><Groups><string>1df408ab-c2e3-41b6-ba0e-9b17b3b6743a</string></Groups><OriginalADGroupId /><LinkedADGroupIds /><IsADUser>true</IsADUser><IsADGroup>false</IsADGroup><ADIdentifier>Url5pV93Q/yXvthxwc4nvnjvtQZP6BgTPzWRakqu89IFB90IMMFHNrLSGf1zR1uL/g1jm7zEy2Y178NM2T3SjLHI+WvTvKC+Z5RCpdIbpHbVzLgK8JVUssaKN6EmU+eD3gu15HX+h5vseEGf97YJdnI1KeLhCD1Rxab5UFeyEE0=</ADIdentifier><ForceToChangePass>true</ForceToChangePass></SecUserClass><SecUserClass><ADCredential /><ADHostName>prysmian.gph.local:636</ADHostName><ADDC>prysmian</ADDC><Id>289d3810-1eb6-4c06-8db4-e6fbf94b3a6f</Id><Email>Uwtq0pzrcUcEaooUH6obn69F/ZauSFTBSpYXOo62lRsxGsMyrixgSCq7KhHXF6viCU29cW4lz9GuJuuTSlXs7GIaGvVzvuEjefNMalEUbKHuITeZsiHK2b9GOVZ/Xo7X</Email><Name>ehPUED/d1oCnOxvgZonOogL/ZcnTbaNW+c1mdS0Ugv+LbfW8z9ewEJmez2ox+ZzDdyTuRHEBbBJl8X2odQQcFdb/ZJ+qzr9chIBbfAef86FpA5jig5+xaS3rHRGo/zTR</Name><UserName>Xc5W5R5k/rZdJFOZKQ87r/1GRNCgl0Kz7kWLNoZAuUfMgNHeGg2p6FW1BfmFaHx3TtBUdatWI6JQJNeq/ClE9Byl+g5VycgdDXYnojvvfdRGrtBKE0zF0gFTI1AcgVSA</UserName><Passwords /><TokenExpiry>0001-01-01T00:00:00</TokenExpiry><PasswordChangeDate>0001-01-01T00:00:00</PasswordChangeDate><WrongPasswordsCount>0</WrongPasswordsCount><AccountBlockedTime>0001-01-01T00:00:00</AccountBlockedTime><Active>true</Active><InheritGroup>false</InheritGroup><Groups><string>1df408ab-c2e3-41b6-ba0e-9b17b3b6743a</string></Groups><OriginalADGroupId /><LinkedADGroupIds /><IsADUser>true</IsADUser><IsADGroup>false</IsADGroup><ADIdentifier>EmZyv6OokEKJep6vDmTFN2Wu4tRGC6aNAcsIx95QNIbdnCNZLyvB19mG+bOmBJSviN+/0SexOOqI7y/Pt23kKjhjSrUzNxBNFzeycNw+dAjcuXzgnTDeiclTDKt/8qJ+WN/GDTwr5uc/LlRPtmFcLSp2VBQCZiiYF1ZXeESOLqw=</ADIdentifier><ForceToChangePass>true</ForceToChangePass></SecUserClass><SecUserClass><ADCredential /><ADHostName /><ADDC /><Id>c45b8826-2082-45ea-a040-12be387d5272</Id><Email>yMOwzUYQbdwAt/doAQzlDplpfSYz+N7z5f0oJsBbUsbNqOlC8k32xIvWkj+iyffs33iwe0eMxt8MG9MAXcP3Ec9qhhGl7xDWcpJs5NYBrPVxGz5NTH8nFbwy1Oongf+r</Email><Name>JcT4zok+gn+eTM5RfHmXbVdJnvFHDyuSF/woX25N4oyvDIl2VCbf75mzHLkivApmdX5A8erVu6FIX5mf0nrRw2cDcJYDonABCk7HdtYwrI4/zo9z1VnCQchzZ7/jRWgB</Name><UserName>cjcO6rb4euvy9EwZKbB1Q//2djeZpwg4RFkE2aXAWh8UNVF4TFlEiADYlJLR2lhaHEyTl2bRKnoLJe93HiQeG2dranIXEtRgJBovcdkF+jLLvEyphN9DTxSU8xXjBtV0</UserName><Passwords><base64Binary>8vtHGFoqlPxKELpGjxZjijvV9H/osrVy0dOo8oWEzZHo+A/BS0ScZC+h37hklAHT3YgSPNvctdAhwZX4ruw0Oijw5Ir86AOTOrQAJCJZkn3IhBVplF5oWxXALQKv7HKhK4cM2C7zYhq/6neg1jI7/7LV2vjeWpM78UxvujxKYU0=</base64Binary></Passwords><TokenExpiry>0001-01-01T00:00:00</TokenExpiry><PasswordChangeDate>0001-01-01T00:00:00</PasswordChangeDate><WrongPasswordsCount>0</WrongPasswordsCount><AccountBlockedTime>0001-01-01T00:00:00</AccountBlockedTime><Active>true</Active><InheritGroup>false</InheritGroup><Groups><string>1df408ab-c2e3-41b6-ba0e-9b17b3b6743a</string></Groups><OriginalADGroupId /><LinkedADGroupIds /><IsADUser>false</IsADUser><IsADGroup>false</IsADGroup><ForceToChangePass>true</ForceToChangePass></SecUserClass><SecUserClass><ADCredential>81536aeb-bded-40bc-8c56-54098029c013</ADCredential><ADHostName>prysmian.gph.local:636</ADHostName><ADDC>prysmian</ADDC><Id>75247a8b-ef67-4081-aded-6340f2ca7de7</Id><Email>sL7zcflnWRVWAuiAnvW+18dl7T5Z0z72v54ufdqzm4LaUOdD6g/5lBKQbEePqeYG0btHoeC3vCbYKX361+rIdbjaYMWfOKqR8BcYDcEsZ7aKzLSqXWBHbsaJxqgt/D6y</Email><Name>C8RgsQVUIBaAOUo9z633Y4cikU/Z0Nbf76EwnFzMdNJ3TJgInRmNzq+HkeYCAsWgc1BqYYlzjx9Qsx6gsETBr3PCltM+ifSTB8yDwatkEW9r/vMagN6OytcnBW5QLdGt</Name><UserName>KkdKCCRHC84LSCE7k4/ysDnPQtWuswcBYM0BG8uU2CQoWEi68CR7cS9omUSOwMWIvOPQqwlSbZZs5zbP7kVvUrFRNZIOWyBu3S+0rtQQ0WcPjkIvxVPql/84IuoTjdL7</UserName><Passwords /><Token>fOW21PSTn1PaTo+zks1mue7uaX7iwnYI6sAme8xFIWYEVhiB/lyxJM+lIGtVXOn7ay7nc/Q0XVX+soV4TP2D0ucRGdyjHqlXOe2KITrsNlbB00A0Y7zSY1vITNYJrHmUNPqWQJPeGxQ41eg+54yVOnIMDPilsZBWaXyfPunKImg=</Token><TokenExpiry>9999-12-31T23:59:59.9999999Z</TokenExpiry><PasswordChangeDate>0001-01-01T00:00:00</PasswordChangeDate><WrongPasswordsCount>0</WrongPasswordsCount><AccountBlockedTime>0001-01-01T00:00:00</AccountBlockedTime><Active>true</Active><InheritGroup>false</InheritGroup><Groups><string>1df408ab-c2e3-41b6-ba0e-9b17b3b6743a</string></Groups><LinkedADGroupIds /><IsADUser>true</IsADUser><IsADGroup>false</IsADGroup><ADIdentifier>Fi/vTRsR25c0+bLk6X+L+KNTBQk6Io/ti052+WaqI5mbp5MDTiqfYfZEJVYsvyEnKNVlbjHqmQrFm5eAir+9eNpzyf3x7lS+6pEKQSz8UXuKTwAZZ0swlN3s4+bUWh/L6bargzfUA7VNuVLD7+QGjroE487MpaO4KvK85gfWOag=</ADIdentifier><ForceToChangePass>true</ForceToChangePass></SecUserClass><SecUserClass><ADCredential>81536aeb-bded-40bc-8c56-54098029c013</ADCredential><ADHostName>prysmian.gph.local:636</ADHostName><ADDC>prysmian</ADDC><Id>f332e660-dc30-4007-9416-d0b9226021b0</Id><Email>Y8rC9vtI8XKqILimkaUXurQ43Lhf6jfwKNQEE0rZyrQ8+gwznf2sKbjh/DmNemgdglYQrDSKPjUwsE7Rw7W+fs6Rbun0WIfMzW/Y1BZZhY6s9ZYUeMfRsKmBrnF7JwAq</Email><Name>jHtUMS07FWP0N3ZOjvT84S8TJw8/tf7nvVuwY8tBWPj/lvSxMSMh9nn/E2wCXNcAuBEAYsaj3pNGkUQ7lVuwZu5wxGMITCQ6GIAghqeOccdGpndaH7oZvyvmsCgbajiQ</Name><UserName>qN8HwCoM4Ve/A1xD+CNTAQpZTSkDFzKzIgh8dPOy2mB1/diF/BX6K/OQd+lgvP2XJ8+S5X3P+t32n8fARz2h4Ir1EObAY7BJN+H4LdSp84MUB72U2Dz585zzkQ3flQIM</UserName><Passwords /><TokenExpiry>0001-01-01T00:00:00</TokenExpiry><PasswordChangeDate>0001-01-01T00:00:00</PasswordChangeDate><WrongPasswordsCount>0</WrongPasswordsCount><AccountBlockedTime>0001-01-01T00:00:00</AccountBlockedTime><Active>false</Active><InheritGroup>false</InheritGroup><Groups><string>1df408ab-c2e3-41b6-ba0e-9b17b3b6743a</string></Groups><LinkedADGroupIds /><IsADUser>true</IsADUser><IsADGroup>false</IsADGroup><ADIdentifier>KiWF/pRd1F9FrVlSk5yL5pDVSKTA1u84fk9x1zm3uu4DXGyP+73p/Zz6LtS0mowLk2wMTegkBm9xrtskzOgHk9xSHpM9c8rrEUald/TogjtO0+dH6nVD3lMlXHBuFJA4CUkDkkyy/THmDNDurfWsMMULsU9cizhv0qfAQvboX+I=</ADIdentifier><ForceToChangePass>true</ForceToChangePass></SecUserClass></ArrayOfSecUserClass>