﻿<?xml version="1.0" encoding="utf-8"?><ArrayOfUserVariableClass xmlns:xsd="http://www.w3.org/2001/XMLSchema" xmlns:xsi="http://www.w3.org/2001/XMLSchema-instance"><UserVariableClass><Name>FromName</Name><Description /><DateCreated>0001-01-01T00:00:00</DateCreated><DateModified>2022-10-03T12:32:16.5448828-04:00</DateModified><CreatedBy /><ModifiedBy>a2d88bf3-d0f3-40f1-a942-086cf33b8ad4</ModifiedBy><ValueObject>n2EKhUnNRPBsZWPQf717/M+wWdttPA6rRgIol2eNzhpYKYR1Idhm/oxz1DQUx4H8gBEbzfbi8/cmBcq2MHOfGjqKl8w7LjFT7zdMhfQ9NAJIwZ1W4yC2K8IhxeN95JV+GWsVn1jnZAAgVPtfLzJeMD9YOoAgHLqDxbp/SoZw6Tw=</ValueObject><ObjectType>String</ObjectType></UserVariableClass><UserVariableClass><Name>FromEmail</Name><Description /><DateCreated>2022-10-03T12:30:49.3024798-04:00</DateCreated><DateModified>0001-01-01T05:00:00Z</DateModified><CreatedBy>a2d88bf3-d0f3-40f1-a942-086cf33b8ad4</CreatedBy><ModifiedBy /><ValueObject>nM68RbrRkqeZbxgm7JIJhc7mfJPBD6/oHj0gL98vOgQK/ntsTEHoV4n3B3H5ssLFcZukRuEp7cQ1YQtveHs37ovtseBFX894Yzkiu9CklbrLmGne87o8IYS1PKzRu6+XExNYjeAybMOhWFaCBShdeRVN2MQ0q2txDe1dYIryjBA=</ValueObject><ObjectType>String</ObjectType></UserVariableClass><UserVariableClass><Name>7DayRetention</Name><Description /><DateCreated>2022-10-04T13:38:02.2851562-04:00</DateCreated><DateModified>0001-01-01T05:00:00Z</DateModified><CreatedBy>a2d88bf3-d0f3-40f1-a942-086cf33b8ad4</CreatedBy><ModifiedBy /><ValueObject>pPv9S0hTBAmpIprKIg2WWvpQXRTLL8E+9cp7iclNMuv69WR2LKZ6Q8eywLrjXirkGPjQDLpIdukBkNK47qQEGfS0nCW+7qA4VoXyGvHfbnLLxpuOA0YRqvCX8dfz3jVmX/MQBbTnAboG5xiGeOG4dP4qc2QzDtK5vboOP6CYjD4=</ValueObject><ObjectType>String</ObjectType></UserVariableClass><UserVariableClass><Name>ProdDWFileSharePath</Name><Description /><DateCreated>2023-05-02T13:32:47.6344919-04:00</DateCreated><DateModified>0001-01-01T05:00:00Z</DateModified><CreatedBy>b97aa9ca-8b39-4a55-84a8-272a80915b77</CreatedBy><ModifiedBy /><ValueObject>bEk14oirfYh6mIK0iqvVAgLFZoyLZbQ1TgrhfHMDOliPafGs3gr3WMserUXuIvqjrZBjoZtaVB/aPtcDNB48XCvbuJAC8YhVve9aRmTQ1S7OzrfGbqzYoQa1OoLsfw4TAHYYZlyjOMBoGfSk7oQyjSoYpPG+Idw42XD8M0cgvYw=</ValueObject><ObjectType>String</ObjectType></UserVariableClass><UserVariableClass><Name>DevFileSharePath</Name><Description /><DateCreated>2023-05-02T13:33:52.1077379-04:00</DateCreated><DateModified>0001-01-01T05:00:00Z</DateModified><CreatedBy>b97aa9ca-8b39-4a55-84a8-272a80915b77</CreatedBy><ModifiedBy /><ValueObject>tHuLJaIt9erfiLC9U9bTxcG+QOAHEXBkY5xDUHFdE0Zx+kCBTAKhByNOAOpAx5nbBqeP0wtV0BZxE1l8vvh04csvKfSjTOap6ZpfEKrJ0ViNSTXlQFYSwLvT20en031J+FuzekluaLC8VFNPBiqW5ww+AEtxWcKl6r6DfURJBgM=</ValueObject><ObjectType>String</ObjectType></UserVariableClass><UserVariableClass><Name>DataMallU4HPath</Name><Description /><DateCreated>0001-01-01T00:00:00</DateCreated><DateModified>2023-08-28T15:41:01.383416-04:00</DateModified><CreatedBy /><ModifiedBy>b97aa9ca-8b39-4a55-84a8-272a80915b77</ModifiedBy><ValueObject>+zMDeHUnwzB5EpSE8a/YsF4vbFyUCoQ8DMQAOxE4ZZaFJhFAguX4LOlqB5NO8Tgjydxt5eJEoHkGTSZM0G7rtVlIaqN6pwp9WLzxiXMDmc2pSOic7Nxjf/1j0RegBmjNP0kfnlfCkfdJO+1Oln0iLZDC38NH8IHuU2l+KQ1tJrM=</ValueObject><ObjectType>String</ObjectType></UserVariableClass><UserVariableClass><Name>DataMallPEPPath</Name><Description /><DateCreated>0001-01-01T00:00:00</DateCreated><DateModified>2023-08-28T15:41:07.8054328-04:00</DateModified><CreatedBy /><ModifiedBy>b97aa9ca-8b39-4a55-84a8-272a80915b77</ModifiedBy><ValueObject>+XQda+Ag+/qbYZUxhZbFlyWLfNxoE4uD/bWyKxcNQKj8cp/M0RwBcj8hOfMIL+yiimZaP6FMPJ4mmRHGSTwSj7/g8maNfNZrlfZmDjwsWxFHBBXs6HNDz7be32NpTkhn/7YjT9y3FjwkMwABnXxik8F7h8zkxpKZcEs62Z8SXAA=</ValueObject><ObjectType>String</ObjectType></UserVariableClass><UserVariableClass><Name>30DayRetention</Name><Description /><DateCreated>2023-11-07T14:46:01.1631026-05:00</DateCreated><DateModified>0001-01-01T05:00:00Z</DateModified><CreatedBy>b97aa9ca-8b39-4a55-84a8-272a80915b77</CreatedBy><ModifiedBy /><ValueObject>LFpAnZMR0vGz0j7BbXUkSpJ5Z6ic6z8NOGh77MQRio4VoJ7T+nkAiKXseezArmNozSWNiQD1By2plflCN5p6dnwGWLpf65jp3OzuhEtmHLeK/TlrUpwLDCwrFttP0F+73WMXAHD0A6orz/JIE5yRQwU5sRfjofs77CvE/bQwi38=</ValueObject><ObjectType>String</ObjectType></UserVariableClass><UserVariableClass><Name>14DayRetention</Name><Description /><DateCreated>2023-12-18T09:44:54.141404-05:00</DateCreated><DateModified>0001-01-01T05:00:00Z</DateModified><CreatedBy>b97aa9ca-8b39-4a55-84a8-272a80915b77</CreatedBy><ModifiedBy /><ValueObject>NYDpAweNRYPloeoTB6BkNZOwn9F3otY3VkM80bJ/YSHQb+o0PS+Y8kQAY6Do73kZsiWpbSnzs8g3n6xtryqUTL94JwTWJBlmiyZ92KDHjzEeRGc37PuBLtIGy7V+KG88Y62fHyHqvnjvslCBbKtpyWN9cYFYxHfJT/sDgF44PZw=</ValueObject><ObjectType>String</ObjectType></UserVariableClass><UserVariableClass><Name>HQFPS06</Name><Description>File Path for GC Shared Network</Description><DateCreated>2024-05-29T15:31:17.3277575-04:00</DateCreated><DateModified>0001-01-01T05:00:00Z</DateModified><CreatedBy>b97aa9ca-8b39-4a55-84a8-272a80915b77</CreatedBy><ModifiedBy /><ValueObject>Bli1fXQpuH6F7DDduISmTcK4tzIfAaUL84D7KbgjLBxlEJGlB0zldsw1P4Z6kLasg+q5EJmSxfxz0kYgwnj3A+WvCogp1fLzmxpSvpuJSHRRyR+JGIVywlT21cthNJMKyq1coOYSIXelJf17Iyd1ltJAny5/65jKmW94IWYK9Uc=</ValueObject><ObjectType>String</ObjectType></UserVariableClass><UserVariableClass><Name>DataMall</Name><Description>Main DataMall File Path</Description><DateCreated>2024-05-29T15:33:32.1088985-04:00</DateCreated><DateModified>0001-01-01T05:00:00Z</DateModified><CreatedBy>b97aa9ca-8b39-4a55-84a8-272a80915b77</CreatedBy><ModifiedBy /><ValueObject>xhxHsJOA14tAsiyWK94S8KhDdEoo5+KHl25FZ1WBBldD8bb9ItUJJ4d7iaN8U54PTgeJ8rC9VnP2Gy0CPwowJQArJhOMeessqgoYhxfgkd2rY4sX6TyFf+OJpqzc57KZyILDgAfgvLHFtQPq7H2ZLi5tKFx9aW6qCwEQUEb2b4k=</ValueObject><ObjectType>String</ObjectType></UserVariableClass></ArrayOfUserVariableClass>